,election_date,election_type,harmonised_code,harmonised_name,pc1
0,1996_04_21,camera,ITC11,torino,0.0530277801754249
1,1996_04_21,camera,ITC12,vercelli,0.12003625533639908
2,1996_04_21,camera,ITC13,biella,0.15659881584803279
3,1996_04_21,camera,ITC14,verbanocusioossola,0.12607882330474454
4,1996_04_21,camera,ITC15,novara,0.11618315882705736
5,1996_04_21,camera,ITC16,cuneo,0.2810822422623143
6,1996_04_21,camera,ITC17,asti,0.17146818319744425
7,1996_04_21,camera,ITC18,alessandria,0.08350510157747366
8,1996_04_21,camera,ITC31,imperia,0.08199353401678751
9,1996_04_21,camera,ITC32,savona,0.034657315660162544
10,1996_04_21,camera,ITC33,genova,-0.011479879642103081
11,1996_04_21,camera,ITC34,la spezia,-0.06722759006467177
12,1996_04_21,camera,ITC41,varese,0.27444526830354943
13,1996_04_21,camera,ITC42,como,0.2718096155027806
14,1996_04_21,camera,ITC43,lecco,0.27885835977220735
15,1996_04_21,camera,ITC44,sondrio,0.3661108324832087
16,1996_04_21,camera,ITC46,bergamo,0.35040472635865294
17,1996_04_21,camera,ITC47,brescia,0.3051285128853188
18,1996_04_21,camera,ITC48,pavia,0.1277063772249524
19,1996_04_21,camera,ITC49,lodi,0.1270550604372187
20,1996_04_21,camera,ITC4A,cremona,0.1539727709885441
21,1996_04_21,camera,ITC4B,mantova,0.11270712258578362
22,1996_04_21,camera,ITC4C,milano,0.07863344087756455
23,1996_04_21,camera,ITC4D,monza e della brianza,0.17864477465809184
24,1996_04_21,camera,ITF11,laquila,-0.08326187538812346
25,1996_04_21,camera,ITF12,teramo,-0.11662137962888802
26,1996_04_21,camera,ITF13,pescara,-0.08980890202655367
27,1996_04_21,camera,ITF14,chieti,-0.08187974676219383
28,1996_04_21,camera,ITF21,isernia,-0.06985615633957143
29,1996_04_21,camera,ITF22,campobasso,-0.07840675487538631
30,1996_04_21,camera,ITF31,caserta,-0.06411951330413584
31,1996_04_21,camera,ITF32,benevento,-0.06912772446452999
32,1996_04_21,camera,ITF33,napoli,-0.09005904006606721
33,1996_04_21,camera,ITF34,avellino,-0.07537202047795172
34,1996_04_21,camera,ITF35,salerno,-0.06403563959524843
35,1996_04_21,camera,ITF43,taranto,-0.07758105943459853
36,1996_04_21,camera,ITF44,brindisi,-0.0987491686892093
37,1996_04_21,camera,ITF45,lecce,-0.09566373797520974
38,1996_04_21,camera,ITF46,foggia,-0.1032605171718451
39,1996_04_21,camera,ITF47,bari,-0.07511067267507274
40,1996_04_21,camera,ITF48,barlettaandriatrani,-0.06994614064064432
41,1996_04_21,camera,ITF51,potenza,-0.0790532651282443
42,1996_04_21,camera,ITF52,matera,-0.10137948857335628
43,1996_04_21,camera,ITF61,cosenza,-0.09977748590073147
44,1996_04_21,camera,ITF62,crotone,-0.12534029613823444
45,1996_04_21,camera,ITF63,catanzaro,-0.09694509173897845
46,1996_04_21,camera,ITF64,vibo valentia,-0.08401604020793997
47,1996_04_21,camera,ITF65,reggio calabria,-0.09504397573847066
48,1996_04_21,camera,ITG11,trapani,-0.04940940632698012
49,1996_04_21,camera,ITG12,palermo,-0.033367481782328484
50,1996_04_21,camera,ITG13,messina,-0.047726565951485854
51,1996_04_21,camera,ITG14,agrigento,-0.06718034118595455
52,1996_04_21,camera,ITG15,caltanissetta,-0.06505223915737779
53,1996_04_21,camera,ITG16,enna,-0.07872593713618123
54,1996_04_21,camera,ITG17,catania,-0.050791302645718565
55,1996_04_21,camera,ITG18,ragusa,-0.08791850003597321
56,1996_04_21,camera,ITG19,siracusa,-0.07429511726418361
57,1996_04_21,camera,ITG2D,sassari,-0.06509294084866367
58,1996_04_21,camera,ITG2E,nuoro,-0.08957499528236046
59,1996_04_21,camera,ITG2F,cagliari,-0.07706671705105614
60,1996_04_21,camera,ITG2G,oristano,-0.05751741329291394
61,1996_04_21,camera,ITG2H,sud sardegna,-0.1023190877176325
62,1996_04_21,camera,ITH10,bolzano,0.044498028393091006
63,1996_04_21,camera,ITH20,trento,0.14382891295734457
64,1996_04_21,camera,ITH31,verona,0.19878687615170124
65,1996_04_21,camera,ITH32,vicenza,0.3094116166827746
66,1996_04_21,camera,ITH33,belluno,0.35089442660858866
67,1996_04_21,camera,ITH34,treviso,0.35698841070826154
68,1996_04_21,camera,ITH35,venezia,0.14029917370446435
69,1996_04_21,camera,ITH36,padova,0.17146086744085004
70,1996_04_21,camera,ITH37,rovigo,0.03961031901485508
71,1996_04_21,camera,ITH41,pordenone,0.2549810612056793
72,1996_04_21,camera,ITH42,udine,0.21539816050035762
73,1996_04_21,camera,ITH43,gorizia,0.0671260446125188
74,1996_04_21,camera,ITH44,trieste,0.005830195851488209
75,1996_04_21,camera,ITH51,piacenza,0.0801939565370233
76,1996_04_21,camera,ITH52,parma,0.030200318783503145
77,1996_04_21,camera,ITH53,reggio nellemilia,-0.07439875371609676
78,1996_04_21,camera,ITH54,modena,-0.0745575123055137
79,1996_04_21,camera,ITH55,bologna,-0.11791130788111513
80,1996_04_21,camera,ITH56,ferrara,-0.08010207486028885
81,1996_04_21,camera,ITH57,ravenna,-0.10387561329991454
82,1996_04_21,camera,ITH58,forlicesena,-0.09349286788219216
83,1996_04_21,camera,ITH59,rimini,-0.0878486292120339
84,1996_04_21,camera,ITI11,massacarrara,-0.07229998148235534
85,1996_04_21,camera,ITI12,lucca,-0.05564981386233294
86,1996_04_21,camera,ITI13,pistoia,-0.11759017608558309
87,1996_04_21,camera,ITI14,firenze,-0.14757164934158054
88,1996_04_21,camera,ITI15,prato,-0.1265103509484657
89,1996_04_21,camera,ITI16,livorno,-0.15408766750824868
90,1996_04_21,camera,ITI17,pisa,-0.1336824055983751
91,1996_04_21,camera,ITI18,arezzo,-0.13097764457551292
92,1996_04_21,camera,ITI19,siena,-0.1715166815275643
93,1996_04_21,camera,ITI1A,grosseto,-0.12120015361317119
94,1996_04_21,camera,ITI21,perugia,-0.13580519498755939
95,1996_04_21,camera,ITI22,terni,-0.13565664969331703
96,1996_04_21,camera,ITI31,pesaro e urbino,-0.12045930427797887
97,1996_04_21,camera,ITI32,ancona,-0.10621548278163297
98,1996_04_21,camera,ITI33,macerata,-0.0844374194405473
99,1996_04_21,camera,ITI34,ascoli piceno,-0.09802801201021667
100,1996_04_21,camera,ITI35,fermo,-0.1034337191454188
101,1996_04_21,camera,ITI41,viterbo,-0.10854752872477719
102,1996_04_21,camera,ITI42,rieti,-0.10222175857982174
103,1996_04_21,camera,ITI43,roma,-0.13367893794661886
104,1996_04_21,camera,ITI44,latina,-0.07716308229846333
105,1996_04_21,camera,ITI45,frosinone,-0.08153485952274746
106,1999_06_13,european,ITC11,torino,0.03456894170032307
107,1999_06_13,european,ITC12,vercelli,0.10048187244820384
108,1999_06_13,european,ITC13,biella,0.09505331062149794
109,1999_06_13,european,ITC14,verbanocusioossola,0.093590098138132
110,1999_06_13,european,ITC15,novara,0.1051530331189757
111,1999_06_13,european,ITC16,cuneo,0.1690449533746396
112,1999_06_13,european,ITC17,asti,0.13857575209380793
113,1999_06_13,european,ITC18,alessandria,0.05860437176303455
114,1999_06_13,european,ITC20,valle daosta,0.07314240388570924
115,1999_06_13,european,ITC31,imperia,0.0927007707705798
116,1999_06_13,european,ITC32,savona,0.01685046675197841
117,1999_06_13,european,ITC33,genova,-0.04851306300211074
118,1999_06_13,european,ITC34,la spezia,-0.09507993148293271
119,1999_06_13,european,ITC41,varese,0.15209850275157627
120,1999_06_13,european,ITC42,como,0.17065955004850017
121,1999_06_13,european,ITC43,lecco,0.13176134682007912
122,1999_06_13,european,ITC44,sondrio,0.19263317994556356
123,1999_06_13,european,ITC46,bergamo,0.1593620074988548
124,1999_06_13,european,ITC47,brescia,0.11856516522222657
125,1999_06_13,european,ITC48,pavia,0.09401636027627432
126,1999_06_13,european,ITC49,lodi,0.08336139513932658
127,1999_06_13,european,ITC4A,cremona,0.0729057848692118
128,1999_06_13,european,ITC4B,mantova,0.010955909874463664
129,1999_06_13,european,ITC4C,milano,0.06913574098706071
130,1999_06_13,european,ITC4D,monza e della brianza,0.11979664715214874
131,1999_06_13,european,ITF11,laquila,0.013612969020172175
132,1999_06_13,european,ITF12,teramo,-0.04758964758538997
133,1999_06_13,european,ITF13,pescara,-0.009504263294128533
134,1999_06_13,european,ITF14,chieti,-0.010544993770027818
135,1999_06_13,european,ITF21,isernia,0.059006195018725636
136,1999_06_13,european,ITF22,campobasso,0.017899579144846463
137,1999_06_13,european,ITF31,caserta,0.021003224884320087
138,1999_06_13,european,ITF32,benevento,0.013238616014632729
139,1999_06_13,european,ITF33,napoli,0.0013800745648624606
140,1999_06_13,european,ITF34,avellino,0.0021685781897079867
141,1999_06_13,european,ITF35,salerno,0.02644949502955262
142,1999_06_13,european,ITF43,taranto,-5.887899562399281e-05
143,1999_06_13,european,ITF44,brindisi,0.022719289856589175
144,1999_06_13,european,ITF45,lecce,0.011346060297903091
145,1999_06_13,european,ITF46,foggia,-0.01200482919003557
146,1999_06_13,european,ITF47,bari,0.04979957825607191
147,1999_06_13,european,ITF48,barlettaandriatrani,0.05119303850633722
148,1999_06_13,european,ITF51,potenza,-0.06995627948375509
149,1999_06_13,european,ITF52,matera,-0.039718306371360104
150,1999_06_13,european,ITF61,cosenza,-0.006382565282087115
151,1999_06_13,european,ITF62,crotone,-0.07711167476096802
152,1999_06_13,european,ITF63,catanzaro,-0.03712979686447728
153,1999_06_13,european,ITF64,vibo valentia,-0.04741720158414606
154,1999_06_13,european,ITF65,reggio calabria,0.002996388963117084
155,1999_06_13,european,ITG11,trapani,0.02350611053750712
156,1999_06_13,european,ITG12,palermo,0.0836068440307445
157,1999_06_13,european,ITG13,messina,0.04084501175163439
158,1999_06_13,european,ITG14,agrigento,-0.0015755318454037002
159,1999_06_13,european,ITG15,caltanissetta,0.005910924394577832
160,1999_06_13,european,ITG16,enna,-0.05380464616212408
161,1999_06_13,european,ITG17,catania,0.05586777273378713
162,1999_06_13,european,ITG18,ragusa,-0.09183292075865021
163,1999_06_13,european,ITG19,siracusa,0.0186515249852125
164,1999_06_13,european,ITG2D,sassari,0.013015349644406428
165,1999_06_13,european,ITG2E,nuoro,-0.05525547269042892
166,1999_06_13,european,ITG2F,cagliari,0.05638960299854671
167,1999_06_13,european,ITG2G,oristano,0.047615630246003
168,1999_06_13,european,ITG2H,sud sardegna,-0.004688660731079097
169,1999_06_13,european,ITH10,bolzano,0.06326602507484788
170,1999_06_13,european,ITH20,trento,0.0722223684298069
171,1999_06_13,european,ITH31,verona,0.11381222864773818
172,1999_06_13,european,ITH32,vicenza,0.13559164490001988
173,1999_06_13,european,ITH33,belluno,0.12782272659043367
174,1999_06_13,european,ITH34,treviso,0.14072686646632918
175,1999_06_13,european,ITH35,venezia,0.028187880314559845
176,1999_06_13,european,ITH36,padova,0.09210694838331071
177,1999_06_13,european,ITH37,rovigo,-0.0030151100380979984
178,1999_06_13,european,ITH41,pordenone,0.1050253955015795
179,1999_06_13,european,ITH42,udine,0.10379832394930068
180,1999_06_13,european,ITH43,gorizia,-0.013057549008485419
181,1999_06_13,european,ITH44,trieste,0.056594242106361825
182,1999_06_13,european,ITH51,piacenza,0.011481725795574048
183,1999_06_13,european,ITH52,parma,-0.04177284618057618
184,1999_06_13,european,ITH53,reggio nellemilia,-0.1830063419628824
185,1999_06_13,european,ITH54,modena,-0.17015122748437736
186,1999_06_13,european,ITH55,bologna,-0.1682686383001254
187,1999_06_13,european,ITH56,ferrara,-0.13808364309680493
188,1999_06_13,european,ITH57,ravenna,-0.17702016912171442
189,1999_06_13,european,ITH58,forlicesena,-0.14192418749191854
190,1999_06_13,european,ITH59,rimini,-0.10886044188169659
191,1999_06_13,european,ITI11,massacarrara,-0.02989898207492694
192,1999_06_13,european,ITI12,lucca,-0.0056000422134679425
193,1999_06_13,european,ITI13,pistoia,-0.12457063778920975
194,1999_06_13,european,ITI14,firenze,-0.2009702027357464
195,1999_06_13,european,ITI15,prato,-0.16168198080850624
196,1999_06_13,european,ITI16,livorno,-0.2150308182230993
197,1999_06_13,european,ITI17,pisa,-0.16476133103651736
198,1999_06_13,european,ITI18,arezzo,-0.1458787283269349
199,1999_06_13,european,ITI19,siena,-0.2547559391067206
200,1999_06_13,european,ITI1A,grosseto,-0.12288830610191845
201,1999_06_13,european,ITI21,perugia,-0.14377242097437837
202,1999_06_13,european,ITI22,terni,-0.1355694899801726
203,1999_06_13,european,ITI31,pesaro e urbino,-0.14350574508327857
204,1999_06_13,european,ITI32,ancona,-0.0928652700138458
205,1999_06_13,european,ITI33,macerata,-0.03282137980135275
206,1999_06_13,european,ITI34,ascoli piceno,-0.0316680564718592
207,1999_06_13,european,ITI35,fermo,-0.05114705672891928
208,1999_06_13,european,ITI41,viterbo,-0.04472469426725755
209,1999_06_13,european,ITI42,rieti,-0.05059370218616786
210,1999_06_13,european,ITI43,roma,-0.06923115897194612
211,1999_06_13,european,ITI44,latina,0.03401895859435138
212,1999_06_13,european,ITI45,frosinone,-0.0006299977580069635
213,2001_05_13,camera,ITC11,torino,0.0072239078409536564
214,2001_05_13,camera,ITC12,vercelli,0.06222261218069618
215,2001_05_13,camera,ITC13,biella,0.0742388018707129
216,2001_05_13,camera,ITC14,verbanocusioossola,0.007478820759495699
217,2001_05_13,camera,ITC15,novara,0.056340337827966554
218,2001_05_13,camera,ITC16,cuneo,0.09691648348887015
219,2001_05_13,camera,ITC17,asti,0.08359497163498991
220,2001_05_13,camera,ITC18,alessandria,0.023314457012211704
221,2001_05_13,camera,ITC31,imperia,0.10014981141978868
222,2001_05_13,camera,ITC32,savona,-0.003968350618912329
223,2001_05_13,camera,ITC33,genova,-0.07591755657995165
224,2001_05_13,camera,ITC34,la spezia,-0.0853979027831166
225,2001_05_13,camera,ITC41,varese,0.14115487256409884
226,2001_05_13,camera,ITC42,como,0.16080681175885173
227,2001_05_13,camera,ITC43,lecco,0.1313605773444065
228,2001_05_13,camera,ITC44,sondrio,0.19000725702240975
229,2001_05_13,camera,ITC46,bergamo,0.14251278536255022
230,2001_05_13,camera,ITC47,brescia,0.1210444281060322
231,2001_05_13,camera,ITC48,pavia,0.0470587093164337
232,2001_05_13,camera,ITC49,lodi,0.05793110507214106
233,2001_05_13,camera,ITC4A,cremona,0.04195633127510023
234,2001_05_13,camera,ITC4B,mantova,-0.04532287160287214
235,2001_05_13,camera,ITC4C,milano,0.05731776462067612
236,2001_05_13,camera,ITC4D,monza e della brianza,0.1040114123989882
237,2001_05_13,camera,ITF11,laquila,-0.011372002380285417
238,2001_05_13,camera,ITF12,teramo,-0.04558329715865666
239,2001_05_13,camera,ITF13,pescara,-0.027452668953984308
240,2001_05_13,camera,ITF14,chieti,-0.00590740243077483
241,2001_05_13,camera,ITF21,isernia,0.027507710889539724
242,2001_05_13,camera,ITF22,campobasso,-0.023697357039412493
243,2001_05_13,camera,ITF31,caserta,0.0451236512641039
244,2001_05_13,camera,ITF32,benevento,0.03268468133921487
245,2001_05_13,camera,ITF33,napoli,0.014999183941194571
246,2001_05_13,camera,ITF34,avellino,0.011820471476579504
247,2001_05_13,camera,ITF35,salerno,0.05805785804976789
248,2001_05_13,camera,ITF43,taranto,0.02796523375569539
249,2001_05_13,camera,ITF44,brindisi,0.030056274938244407
250,2001_05_13,camera,ITF45,lecce,0.007501536949639819
251,2001_05_13,camera,ITF46,foggia,-0.018662363460563915
252,2001_05_13,camera,ITF47,bari,0.04635244142675827
253,2001_05_13,camera,ITF48,barlettaandriatrani,0.05512419231679953
254,2001_05_13,camera,ITF51,potenza,-0.010789300784883849
255,2001_05_13,camera,ITF52,matera,-0.023396185832407167
256,2001_05_13,camera,ITF61,cosenza,-0.042439890013754575
257,2001_05_13,camera,ITF62,crotone,-0.09073573652527858
258,2001_05_13,camera,ITF63,catanzaro,-0.025734154754291062
259,2001_05_13,camera,ITF64,vibo valentia,-0.043819757930458725
260,2001_05_13,camera,ITF65,reggio calabria,0.0010734003885961
261,2001_05_13,camera,ITG11,trapani,0.07200338465083186
262,2001_05_13,camera,ITG12,palermo,0.09591374460486428
263,2001_05_13,camera,ITG13,messina,0.0964478351436661
264,2001_05_13,camera,ITG14,agrigento,0.04041943322437703
265,2001_05_13,camera,ITG15,caltanissetta,0.059954227754089824
266,2001_05_13,camera,ITG16,enna,0.023785772999564928
267,2001_05_13,camera,ITG17,catania,0.10856970017171612
268,2001_05_13,camera,ITG18,ragusa,0.05519846563234038
269,2001_05_13,camera,ITG19,siracusa,0.06733716677689379
270,2001_05_13,camera,ITG2D,sassari,0.002481055678971622
271,2001_05_13,camera,ITG2E,nuoro,-0.07801848957194311
272,2001_05_13,camera,ITG2F,cagliari,0.03735947840374016
273,2001_05_13,camera,ITG2G,oristano,0.054795076837012124
274,2001_05_13,camera,ITG2H,sud sardegna,-0.03705235474442079
275,2001_05_13,camera,ITH10,bolzano,-0.0032286518860189656
276,2001_05_13,camera,ITH20,trento,0.02049165029314573
277,2001_05_13,camera,ITH31,verona,0.1140106734088106
278,2001_05_13,camera,ITH32,vicenza,0.14083751652664733
279,2001_05_13,camera,ITH33,belluno,0.1498228268269062
280,2001_05_13,camera,ITH34,treviso,0.12669037559028365
281,2001_05_13,camera,ITH35,venezia,0.02640258961119575
282,2001_05_13,camera,ITH36,padova,0.10581777428334342
283,2001_05_13,camera,ITH37,rovigo,0.006448745937067353
284,2001_05_13,camera,ITH41,pordenone,0.10211393636258595
285,2001_05_13,camera,ITH42,udine,0.07645524342072747
286,2001_05_13,camera,ITH43,gorizia,0.02759078301104143
287,2001_05_13,camera,ITH44,trieste,0.09985701644570759
288,2001_05_13,camera,ITH51,piacenza,0.04069385317719164
289,2001_05_13,camera,ITH52,parma,-0.011133082760641464
290,2001_05_13,camera,ITH53,reggio nellemilia,-0.16991846428783358
291,2001_05_13,camera,ITH54,modena,-0.13077606650797494
292,2001_05_13,camera,ITH55,bologna,-0.17845297300665727
293,2001_05_13,camera,ITH56,ferrara,-0.09762692587979115
294,2001_05_13,camera,ITH57,ravenna,-0.15965288942600495
295,2001_05_13,camera,ITH58,forlicesena,-0.11221617345955831
296,2001_05_13,camera,ITH59,rimini,-0.08703508530233792
297,2001_05_13,camera,ITI11,massacarrara,-0.06404661411498325
298,2001_05_13,camera,ITI12,lucca,-0.01962826500180306
299,2001_05_13,camera,ITI13,pistoia,-0.1497960132846622
300,2001_05_13,camera,ITI14,firenze,-0.2016091029113162
301,2001_05_13,camera,ITI15,prato,-0.14233414297268318
302,2001_05_13,camera,ITI16,livorno,-0.21442221633008235
303,2001_05_13,camera,ITI17,pisa,-0.1634298986992807
304,2001_05_13,camera,ITI18,arezzo,-0.14100312322459388
305,2001_05_13,camera,ITI19,siena,-0.2697300229716279
306,2001_05_13,camera,ITI1A,grosseto,-0.12444171498441796
307,2001_05_13,camera,ITI21,perugia,-0.13013098346451143
308,2001_05_13,camera,ITI22,terni,-0.12424083988490142
309,2001_05_13,camera,ITI31,pesaro e urbino,-0.10005754398675948
310,2001_05_13,camera,ITI32,ancona,-0.10778283335781497
311,2001_05_13,camera,ITI33,macerata,-0.060097177107431766
312,2001_05_13,camera,ITI34,ascoli piceno,-0.03389869304528826
313,2001_05_13,camera,ITI35,fermo,-0.04132377404137411
314,2001_05_13,camera,ITI41,viterbo,-0.04458700807340837
315,2001_05_13,camera,ITI42,rieti,-0.04635352519776888
316,2001_05_13,camera,ITI43,roma,-0.05328083277897662
317,2001_05_13,camera,ITI44,latina,0.04940714485097145
318,2001_05_13,camera,ITI45,frosinone,0.011687913879272496
319,2004_06_12,european,ITC11,torino,-0.013172410771402125
320,2004_06_12,european,ITC12,vercelli,0.0921390922408703
321,2004_06_12,european,ITC13,biella,0.0710098108798075
322,2004_06_12,european,ITC14,verbanocusioossola,0.11929792328488102
323,2004_06_12,european,ITC15,novara,0.08187153822066441
324,2004_06_12,european,ITC16,cuneo,0.12785778097818393
325,2004_06_12,european,ITC17,asti,0.10146440934202128
326,2004_06_12,european,ITC18,alessandria,0.056015404114658794
327,2004_06_12,european,ITC20,valle daosta,0.14098036661805335
328,2004_06_12,european,ITC31,imperia,0.0979816743876167
329,2004_06_12,european,ITC32,savona,0.011732183689649405
330,2004_06_12,european,ITC33,genova,-0.09870109210868609
331,2004_06_12,european,ITC34,la spezia,-0.0965668915832509
332,2004_06_12,european,ITC41,varese,0.14812604345566513
333,2004_06_12,european,ITC42,como,0.159952579753067
334,2004_06_12,european,ITC43,lecco,0.137137180646024
335,2004_06_12,european,ITC44,sondrio,0.21411225730928835
336,2004_06_12,european,ITC46,bergamo,0.187593855991194
337,2004_06_12,european,ITC47,brescia,0.14816874419110118
338,2004_06_12,european,ITC48,pavia,0.08302483734486091
339,2004_06_12,european,ITC49,lodi,0.09058100053693911
340,2004_06_12,european,ITC4A,cremona,0.09868240580258249
341,2004_06_12,european,ITC4B,mantova,0.011894363486329492
342,2004_06_12,european,ITC4C,milano,0.05407427685348939
343,2004_06_12,european,ITC4D,monza e della brianza,0.11019793519628691
344,2004_06_12,european,ITF11,laquila,-0.007972939119862901
345,2004_06_12,european,ITF12,teramo,-0.023027144599460484
346,2004_06_12,european,ITF13,pescara,-0.02750426990123304
347,2004_06_12,european,ITF14,chieti,-0.033697615608024305
348,2004_06_12,european,ITF21,isernia,0.04951164183539598
349,2004_06_12,european,ITF22,campobasso,-0.011059884468997548
350,2004_06_12,european,ITF31,caserta,-0.01659990774377907
351,2004_06_12,european,ITF32,benevento,-0.014613302413191677
352,2004_06_12,european,ITF33,napoli,-0.052984982941863955
353,2004_06_12,european,ITF34,avellino,-0.04151581044202119
354,2004_06_12,european,ITF35,salerno,-0.02857440221359928
355,2004_06_12,european,ITF43,taranto,-0.004995195338660345
356,2004_06_12,european,ITF44,brindisi,-0.010138814772616874
357,2004_06_12,european,ITF45,lecce,-0.04345932821255333
358,2004_06_12,european,ITF46,foggia,-0.050836042645271654
359,2004_06_12,european,ITF47,bari,-0.015283396325547271
360,2004_06_12,european,ITF48,barlettaandriatrani,-0.0017547113836093233
361,2004_06_12,european,ITF51,potenza,-0.07469004621050043
362,2004_06_12,european,ITF52,matera,-0.06801523544972199
363,2004_06_12,european,ITF61,cosenza,-0.01646209815757629
364,2004_06_12,european,ITF62,crotone,-0.07150449852459326
365,2004_06_12,european,ITF63,catanzaro,-0.05829260498443945
366,2004_06_12,european,ITF64,vibo valentia,-0.04101262090106073
367,2004_06_12,european,ITF65,reggio calabria,-0.05967354877810214
368,2004_06_12,european,ITG11,trapani,-0.0002212104517125456
369,2004_06_12,european,ITG12,palermo,-0.0048522040489016975
370,2004_06_12,european,ITG13,messina,-0.0031569714803197616
371,2004_06_12,european,ITG14,agrigento,-0.001980038100476005
372,2004_06_12,european,ITG15,caltanissetta,0.006580549225339581
373,2004_06_12,european,ITG17,catania,-0.008653261534844291
374,2004_06_12,european,ITG18,ragusa,-0.06188140323364756
375,2004_06_12,european,ITG19,siracusa,-0.07164866595382308
376,2004_06_12,european,ITG2D,sassari,0.03475135632664667
377,2004_06_12,european,ITG2E,nuoro,-0.023929138392797356
378,2004_06_12,european,ITG2F,cagliari,0.04398803434357968
379,2004_06_12,european,ITG2G,oristano,0.043788888728380944
380,2004_06_12,european,ITG2H,sud sardegna,0.008796821588796057
381,2004_06_12,european,ITH10,bolzano,0.10199831875243251
382,2004_06_12,european,ITH20,trento,-0.01878795353781355
383,2004_06_12,european,ITH31,verona,0.12732218409765475
384,2004_06_12,european,ITH32,vicenza,0.1351182895383791
385,2004_06_12,european,ITH33,belluno,0.10439210948200446
386,2004_06_12,european,ITH34,treviso,0.16114596061777534
387,2004_06_12,european,ITH35,venezia,0.0358294640983138
388,2004_06_12,european,ITH36,padova,0.07657366767275449
389,2004_06_12,european,ITH37,rovigo,0.016073137454254094
390,2004_06_12,european,ITH41,pordenone,0.10891782179270401
391,2004_06_12,european,ITH42,udine,0.04863375678708324
392,2004_06_12,european,ITH43,gorizia,-0.05504199268648685
393,2004_06_12,european,ITH44,trieste,-0.033629156816360174
394,2004_06_12,european,ITH51,piacenza,0.058995183277825054
395,2004_06_12,european,ITH52,parma,-0.02457384710022779
396,2004_06_12,european,ITH53,reggio nellemilia,-0.15078236889264007
397,2004_06_12,european,ITH54,modena,-0.10506477277526687
398,2004_06_12,european,ITH56,ferrara,-0.08005469037423123
399,2004_06_12,european,ITH57,ravenna,-0.1551735175318604
400,2004_06_12,european,ITH58,forlicesena,-0.0833483398126063
401,2004_06_12,european,ITH59,rimini,-0.05033892952957393
402,2004_06_12,european,ITI11,massacarrara,-0.05781138142296539
403,2004_06_12,european,ITI12,lucca,-0.051924675143536936
404,2004_06_12,european,ITI13,pistoia,-0.0840066715758251
405,2004_06_12,european,ITI14,firenze,-0.1769584090390867
406,2004_06_12,european,ITI15,prato,-0.10772832034696354
407,2004_06_12,european,ITI16,livorno,-0.14676550569605543
408,2004_06_12,european,ITI17,pisa,-0.12341091956652336
409,2004_06_12,european,ITI18,arezzo,-0.07749947356915582
410,2004_06_12,european,ITI19,siena,-0.16687726215127704
411,2004_06_12,european,ITI1A,grosseto,-0.07713429075620647
412,2004_06_12,european,ITI21,perugia,-0.08273092751508485
413,2004_06_12,european,ITI22,terni,-0.07843886924448362
414,2004_06_12,european,ITI31,pesaro e urbino,-0.06899918094984644
415,2004_06_12,european,ITI32,ancona,-0.12359201300754155
416,2004_06_12,european,ITI33,macerata,-0.0380710012314922
417,2004_06_12,european,ITI34,ascoli piceno,-0.029778284878794203
418,2004_06_12,european,ITI35,fermo,-0.026264365980176455
419,2004_06_12,european,ITI41,viterbo,-0.028072083859268508
420,2004_06_12,european,ITI42,rieti,-0.027503427825068715
421,2004_06_12,european,ITI43,roma,-0.08391031653281608
422,2004_06_12,european,ITI44,latina,0.059955154892194634
423,2004_06_12,european,ITI45,frosinone,0.006436633310636314
424,2006_04_09,camera,ITC11,torino,-0.04168272461141467
425,2006_04_09,camera,ITC12,vercelli,0.0640881628709307
426,2006_04_09,camera,ITC13,biella,0.05428355919396528
427,2006_04_09,camera,ITC14,verbanocusioossola,0.08194198536405094
428,2006_04_09,camera,ITC15,novara,0.06891748638090489
429,2006_04_09,camera,ITC16,cuneo,0.08137225047361236
430,2006_04_09,camera,ITC17,asti,0.056363864116548174
431,2006_04_09,camera,ITC18,alessandria,0.030676491987704377
432,2006_04_09,camera,ITC31,imperia,0.1324988518232656
433,2006_04_09,camera,ITC32,savona,0.01890637405662699
434,2006_04_09,camera,ITC33,genova,-0.06623064855688783
435,2006_04_09,camera,ITC34,la spezia,-0.06892972208084272
436,2006_04_09,camera,ITC41,varese,0.12071351067813418
437,2006_04_09,camera,ITC42,como,0.14369913534801212
438,2006_04_09,camera,ITC43,lecco,0.07599783360587671
439,2006_04_09,camera,ITC44,sondrio,0.15357572707983425
440,2006_04_09,camera,ITC46,bergamo,0.1324259267825695
441,2006_04_09,camera,ITC47,brescia,0.10234117130313389
442,2006_04_09,camera,ITC48,pavia,0.07066159094746563
443,2006_04_09,camera,ITC49,lodi,0.06042941402011479
444,2006_04_09,camera,ITC4A,cremona,0.06593426888933171
445,2006_04_09,camera,ITC4B,mantova,-0.027390336283729864
446,2006_04_09,camera,ITC4C,milano,0.04397216067572014
447,2006_04_09,camera,ITC4D,monza e della brianza,0.08667504325244954
448,2006_04_09,camera,ITF11,laquila,0.016660154258149644
449,2006_04_09,camera,ITF12,teramo,-0.03860399597909311
450,2006_04_09,camera,ITF13,pescara,-0.03255515622484977
451,2006_04_09,camera,ITF14,chieti,-0.022106041744015273
452,2006_04_09,camera,ITF21,isernia,0.07378187234389963
453,2006_04_09,camera,ITF22,campobasso,-0.002983395756394853
454,2006_04_09,camera,ITF31,caserta,0.06057772788961663
455,2006_04_09,camera,ITF32,benevento,0.04705662050759009
456,2006_04_09,camera,ITF33,napoli,0.021962622207748077
457,2006_04_09,camera,ITF34,avellino,-0.053310640728238275
458,2006_04_09,camera,ITF35,salerno,0.06648370307754484
459,2006_04_09,camera,ITF43,taranto,0.015131708022907132
460,2006_04_09,camera,ITF44,brindisi,0.006657303982354419
461,2006_04_09,camera,ITF45,lecce,0.003462930053025669
462,2006_04_09,camera,ITF46,foggia,0.007569237657556536
463,2006_04_09,camera,ITF47,bari,0.052585744140703425
464,2006_04_09,camera,ITF48,barlettaandriatrani,0.08498656552814292
465,2006_04_09,camera,ITF51,potenza,-0.06037805086644965
466,2006_04_09,camera,ITF52,matera,-0.039450166845973474
467,2006_04_09,camera,ITF61,cosenza,0.027019087000113996
468,2006_04_09,camera,ITF62,crotone,-0.05589536035689907
469,2006_04_09,camera,ITF63,catanzaro,0.026217014545450168
470,2006_04_09,camera,ITF64,vibo valentia,0.014059113986759431
471,2006_04_09,camera,ITF65,reggio calabria,0.05628234200542113
472,2006_04_09,camera,ITG11,trapani,0.08693322749436518
473,2006_04_09,camera,ITG12,palermo,0.11757616028305344
474,2006_04_09,camera,ITG13,messina,0.09280054976118862
475,2006_04_09,camera,ITG14,agrigento,0.047296780325572996
476,2006_04_09,camera,ITG15,caltanissetta,0.04645457817669211
477,2006_04_09,camera,ITG16,enna,-0.02290738263956093
478,2006_04_09,camera,ITG17,catania,0.12155657543432756
479,2006_04_09,camera,ITG18,ragusa,0.02006964807287144
480,2006_04_09,camera,ITG19,siracusa,0.01603959032052598
481,2006_04_09,camera,ITG2D,sassari,2.5996702452489297e-05
482,2006_04_09,camera,ITG2E,nuoro,-0.10861676171075725
483,2006_04_09,camera,ITG2F,cagliari,0.004634356312035627
484,2006_04_09,camera,ITG2G,oristano,-0.0008937008727746607
485,2006_04_09,camera,ITG2H,sud sardegna,-0.056599581975215696
486,2006_04_09,camera,ITH10,bolzano,0.17509885950974702
487,2006_04_09,camera,ITH20,trento,0.028751332690276306
488,2006_04_09,camera,ITH31,verona,0.11334380492689945
489,2006_04_09,camera,ITH32,vicenza,0.09460988042679183
490,2006_04_09,camera,ITH33,belluno,0.06310435163285054
491,2006_04_09,camera,ITH34,treviso,0.10885194105847584
492,2006_04_09,camera,ITH35,venezia,0.01356738105615683
493,2006_04_09,camera,ITH36,padova,0.048231021719388624
494,2006_04_09,camera,ITH37,rovigo,0.009546108365896477
495,2006_04_09,camera,ITH41,pordenone,0.0793241511947563
496,2006_04_09,camera,ITH42,udine,0.04316521390893844
497,2006_04_09,camera,ITH43,gorizia,-0.07813182876402103
498,2006_04_09,camera,ITH44,trieste,0.008765119948857494
499,2006_04_09,camera,ITH51,piacenza,0.03675334510662099
500,2006_04_09,camera,ITH52,parma,-0.04958021600253767
501,2006_04_09,camera,ITH53,reggio nellemilia,-0.19646634287517123
502,2006_04_09,camera,ITH54,modena,-0.1526685807882078
503,2006_04_09,camera,ITH55,bologna,-0.17912685563672404
504,2006_04_09,camera,ITH56,ferrara,-0.15901895469862393
505,2006_04_09,camera,ITH57,ravenna,-0.17282376662236476
506,2006_04_09,camera,ITH58,forlicesena,-0.06385528747743055
507,2006_04_09,camera,ITH59,rimini,-0.07566084975788648
508,2006_04_09,camera,ITI11,massacarrara,-0.03227584573612469
509,2006_04_09,camera,ITI12,lucca,-0.02596938452292121
510,2006_04_09,camera,ITI13,pistoia,-0.1035893633252537
511,2006_04_09,camera,ITI14,firenze,-0.19346063633185262
512,2006_04_09,camera,ITI15,prato,-0.13801707581196104
513,2006_04_09,camera,ITI16,livorno,-0.17345017420845532
514,2006_04_09,camera,ITI17,pisa,-0.14310438484638383
515,2006_04_09,camera,ITI18,arezzo,-0.119712421344016
516,2006_04_09,camera,ITI19,siena,-0.2138563220473178
517,2006_04_09,camera,ITI1A,grosseto,-0.08813716823890001
518,2006_04_09,camera,ITI21,perugia,-0.10326178300040104
519,2006_04_09,camera,ITI22,terni,-0.09746163314183583
520,2006_04_09,camera,ITI31,pesaro e urbino,-0.11343996958321763
521,2006_04_09,camera,ITI32,ancona,-0.13076843908109267
522,2006_04_09,camera,ITI33,macerata,-0.05223218688657403
523,2006_04_09,camera,ITI34,ascoli piceno,-0.051759802491323885
524,2006_04_09,camera,ITI35,fermo,-0.04825261439472933
525,2006_04_09,camera,ITI41,viterbo,-0.010087164781360387
526,2006_04_09,camera,ITI42,rieti,-0.017091922360706297
527,2006_04_09,camera,ITI43,roma,-0.04442669942457671
528,2006_04_09,camera,ITI44,latina,0.09647812519655127
529,2006_04_09,camera,ITI45,frosinone,0.027274685732534065
530,2008_04_13,camera,ITC11,torino,0.0009976779161843781
531,2008_04_13,camera,ITC12,vercelli,-0.01589463017678456
532,2008_04_13,camera,ITC13,biella,-0.009741109731655005
533,2008_04_13,camera,ITC14,verbanocusioossola,0.07204183700002167
534,2008_04_13,camera,ITC15,novara,0.04011292838375362
535,2008_04_13,camera,ITC16,cuneo,0.08867984598209494
536,2008_04_13,camera,ITC17,asti,0.00037988372823658477
537,2008_04_13,camera,ITC18,alessandria,-0.01921765331659739
538,2008_04_13,camera,ITC31,imperia,-0.01568420500102357
539,2008_04_13,camera,ITC32,savona,0.004269535839142553
540,2008_04_13,camera,ITC33,genova,0.004661347115169811
541,2008_04_13,camera,ITC34,la spezia,-0.01579642948672096
542,2008_04_13,camera,ITC41,varese,0.19192081929895163
543,2008_04_13,camera,ITC42,como,0.19605595865884615
544,2008_04_13,camera,ITC43,lecco,0.20584833265500455
545,2008_04_13,camera,ITC44,sondrio,0.31970922956152553
546,2008_04_13,camera,ITC46,bergamo,0.2717941570501795
547,2008_04_13,camera,ITC47,brescia,0.22783752361117712
548,2008_04_13,camera,ITC48,pavia,0.08605470988198892
549,2008_04_13,camera,ITC49,lodi,0.10070696831848693
550,2008_04_13,camera,ITC4A,cremona,0.12242744471922824
551,2008_04_13,camera,ITC4B,mantova,0.13178692876274395
552,2008_04_13,camera,ITC4C,milano,0.08024894703777578
553,2008_04_13,camera,ITC4D,monza e della brianza,0.14866270621533692
554,2008_04_13,camera,ITF11,laquila,-0.08620443490072686
555,2008_04_13,camera,ITF12,teramo,-0.0817730031210855
556,2008_04_13,camera,ITF13,pescara,-0.10384714720164392
557,2008_04_13,camera,ITF14,chieti,-0.07718507665302765
558,2008_04_13,camera,ITF21,isernia,-0.058204149070886
559,2008_04_13,camera,ITF22,campobasso,-0.005658136036189535
560,2008_04_13,camera,ITF31,caserta,-0.11786934400704148
561,2008_04_13,camera,ITF32,benevento,-0.10653653098033611
562,2008_04_13,camera,ITF33,napoli,-0.10305498174073995
563,2008_04_13,camera,ITF34,avellino,-0.06195878754916917
564,2008_04_13,camera,ITF35,salerno,-0.11264889166249
565,2008_04_13,camera,ITF43,taranto,-0.08489691882894032
566,2008_04_13,camera,ITF44,brindisi,-0.0925151573992401
567,2008_04_13,camera,ITF45,lecce,-0.0955977176912737
568,2008_04_13,camera,ITF46,foggia,-0.08729203461978317
569,2008_04_13,camera,ITF47,bari,-0.1109250333402356
570,2008_04_13,camera,ITF48,barlettaandriatrani,-0.10820817835908358
571,2008_04_13,camera,ITF51,potenza,-0.06881044593034698
572,2008_04_13,camera,ITF52,matera,-0.09708759501832462
573,2008_04_13,camera,ITF61,cosenza,-0.0673930061071063
574,2008_04_13,camera,ITF62,crotone,-0.07356926923531258
575,2008_04_13,camera,ITF63,catanzaro,-0.0835229538241597
576,2008_04_13,camera,ITF64,vibo valentia,-0.07666244317902816
577,2008_04_13,camera,ITF65,reggio calabria,-0.08201237478520396
578,2008_04_13,camera,ITG11,trapani,-0.10036564271196927
579,2008_04_13,camera,ITG12,palermo,-0.0921169334281691
580,2008_04_13,camera,ITG13,messina,-0.10021086955859362
581,2008_04_13,camera,ITG14,agrigento,-0.06766994047510097
582,2008_04_13,camera,ITG15,caltanissetta,-0.07435363010533241
583,2008_04_13,camera,ITG16,enna,-0.06774631367211144
584,2008_04_13,camera,ITG17,catania,-0.09778594270327809
585,2008_04_13,camera,ITG18,ragusa,-0.07762030677263508
586,2008_04_13,camera,ITG19,siracusa,-0.07962672053696684
587,2008_04_13,camera,ITG2D,sassari,-0.08908221693262322
588,2008_04_13,camera,ITG2E,nuoro,-0.04912297330092943
589,2008_04_13,camera,ITG2F,cagliari,-0.09818474978501034
590,2008_04_13,camera,ITG2G,oristano,-0.09674022296428535
591,2008_04_13,camera,ITG2H,sud sardegna,-0.07640157737704384
592,2008_04_13,camera,ITH10,bolzano,0.12923599189134377
593,2008_04_13,camera,ITH20,trento,-0.00041831126886876345
594,2008_04_13,camera,ITH31,verona,0.3016942081713731
595,2008_04_13,camera,ITH32,vicenza,0.28468988863866085
596,2008_04_13,camera,ITH33,belluno,0.2507189250920537
597,2008_04_13,camera,ITH34,treviso,0.2773734430774916
598,2008_04_13,camera,ITH35,venezia,0.15321164593448136
599,2008_04_13,camera,ITH36,padova,0.20578991579829709
600,2008_04_13,camera,ITH37,rovigo,0.11929322833083031
601,2008_04_13,camera,ITH41,pordenone,0.1298822653212286
602,2008_04_13,camera,ITH42,udine,0.09186914101743415
603,2008_04_13,camera,ITH43,gorizia,0.03434052495165594
604,2008_04_13,camera,ITH44,trieste,-0.016980905946622788
605,2008_04_13,camera,ITH51,piacenza,0.07736584513835469
606,2008_04_13,camera,ITH52,parma,0.06586887609359648
607,2008_04_13,camera,ITH53,reggio nellemilia,0.04891394514360032
608,2008_04_13,camera,ITH54,modena,0.04510067283511501
609,2008_04_13,camera,ITH55,bologna,0.004004908948569575
610,2008_04_13,camera,ITH56,ferrara,0.01473874341264983
611,2008_04_13,camera,ITH57,ravenna,0.015024668288092525
612,2008_04_13,camera,ITH58,forlicesena,0.01814395324786047
613,2008_04_13,camera,ITH59,rimini,-0.009710448957662947
614,2008_04_13,camera,ITI11,massacarrara,-0.03243697328725269
615,2008_04_13,camera,ITI12,lucca,-0.04766628560727562
616,2008_04_13,camera,ITI13,pistoia,-0.04470400502407822
617,2008_04_13,camera,ITI14,firenze,-0.03040376097612521
618,2008_04_13,camera,ITI15,prato,-0.0379814151968356
619,2008_04_13,camera,ITI16,livorno,-0.03464756255888542
620,2008_04_13,camera,ITI17,pisa,-0.03417478126450123
621,2008_04_13,camera,ITI18,arezzo,-0.03200562969586723
622,2008_04_13,camera,ITI19,siena,-0.03020359384615213
623,2008_04_13,camera,ITI1A,grosseto,-0.05835995738624778
624,2008_04_13,camera,ITI21,perugia,-0.04502074330396879
625,2008_04_13,camera,ITI22,terni,-0.059257964400005324
626,2008_04_13,camera,ITI31,pesaro e urbino,-0.02556067932895331
627,2008_04_13,camera,ITI32,ancona,-0.03407490667405897
628,2008_04_13,camera,ITI33,macerata,-0.05027573809970377
629,2008_04_13,camera,ITI34,ascoli piceno,-0.05893995187166568
630,2008_04_13,camera,ITI35,fermo,-0.05933820807200451
631,2008_04_13,camera,ITI41,viterbo,-0.10726776771991356
632,2008_04_13,camera,ITI42,rieti,-0.09550496458823148
633,2008_04_13,camera,ITI43,roma,-0.09866612674981265
634,2008_04_13,camera,ITI44,latina,-0.12807185661039708
635,2008_04_13,camera,ITI45,frosinone,-0.10298935535524222
636,2009_06_07,european,ITC11,torino,0.03793475488493166
637,2009_06_07,european,ITC12,vercelli,0.08552738919002817
638,2009_06_07,european,ITC13,biella,0.07680369240924598
639,2009_06_07,european,ITC14,verbanocusioossola,0.10690865595118478
640,2009_06_07,european,ITC15,novara,0.094984988554468
641,2009_06_07,european,ITC16,cuneo,0.17949060116656138
642,2009_06_07,european,ITC17,asti,0.10048944757896612
643,2009_06_07,european,ITC18,alessandria,0.06169483307761372
644,2009_06_07,european,ITC20,valle daosta,0.08334160753338013
645,2009_06_07,european,ITC31,imperia,0.03275461200764303
646,2009_06_07,european,ITC32,savona,0.035506509367116926
647,2009_06_07,european,ITC33,genova,-0.0016314322991748736
648,2009_06_07,european,ITC34,la spezia,-0.016900189336597735
649,2009_06_07,european,ITC41,varese,0.18005846358039007
650,2009_06_07,european,ITC42,como,0.17911326441083847
651,2009_06_07,european,ITC43,lecco,0.18006073486284246
652,2009_06_07,european,ITC44,sondrio,0.357744715610523
653,2009_06_07,european,ITC46,bergamo,0.25789750595802335
654,2009_06_07,european,ITC47,brescia,0.21347464160513288
655,2009_06_07,european,ITC48,pavia,0.09379518500347117
656,2009_06_07,european,ITC49,lodi,0.1275969705306595
657,2009_06_07,european,ITC4A,cremona,0.13419202883264175
658,2009_06_07,european,ITC4B,mantova,0.11234874256650253
659,2009_06_07,european,ITC4C,milano,0.05417276616437975
660,2009_06_07,european,ITC4D,monza e della brianza,0.11228347600427073
661,2009_06_07,european,ITF11,laquila,-0.12207335092940566
662,2009_06_07,european,ITF12,teramo,-0.09087887666245448
663,2009_06_07,european,ITF13,pescara,-0.09466419860053714
664,2009_06_07,european,ITF14,chieti,-0.08627049040522058
665,2009_06_07,european,ITF21,isernia,-0.10060322608773539
666,2009_06_07,european,ITF22,campobasso,-0.07897726505877363
667,2009_06_07,european,ITF31,caserta,-0.10959708077339049
668,2009_06_07,european,ITF32,benevento,-0.1185113238624593
669,2009_06_07,european,ITF33,napoli,-0.10470153572381637
670,2009_06_07,european,ITF34,avellino,-0.084986075397765
671,2009_06_07,european,ITF35,salerno,-0.10339687312779723
672,2009_06_07,european,ITF43,taranto,-0.08929210796394557
673,2009_06_07,european,ITF44,brindisi,-0.0979384300846435
674,2009_06_07,european,ITF45,lecce,-0.10236475620167364
675,2009_06_07,european,ITF46,foggia,-0.0980962577507213
676,2009_06_07,european,ITF47,bari,-0.10630479879705591
677,2009_06_07,european,ITF48,barlettaandriatrani,-0.11513157820242828
678,2009_06_07,european,ITF51,potenza,-0.07940469049800723
679,2009_06_07,european,ITF52,matera,-0.09502249655098986
680,2009_06_07,european,ITF61,cosenza,-0.07526006900130149
681,2009_06_07,european,ITF62,crotone,-0.07618337838588844
682,2009_06_07,european,ITF63,catanzaro,-0.08847679138567587
683,2009_06_07,european,ITF64,vibo valentia,-0.09649606936096579
684,2009_06_07,european,ITF65,reggio calabria,-0.07935961057840536
685,2009_06_07,european,ITG11,trapani,-0.0968626441685476
686,2009_06_07,european,ITG12,palermo,-0.08703388700529803
687,2009_06_07,european,ITG13,messina,-0.0973934289159095
688,2009_06_07,european,ITG14,agrigento,-0.09204287581456604
689,2009_06_07,european,ITG15,caltanissetta,-0.09353194339008403
690,2009_06_07,european,ITG16,enna,-0.08020432246533393
691,2009_06_07,european,ITG17,catania,-0.0958855376170257
692,2009_06_07,european,ITG18,ragusa,-0.09617198782060733
693,2009_06_07,european,ITG19,siracusa,-0.08723309972708496
694,2009_06_07,european,ITG2D,sassari,-0.09246977565953501
695,2009_06_07,european,ITG2E,nuoro,-0.08704450253804405
696,2009_06_07,european,ITG2F,cagliari,-0.10787843640002726
697,2009_06_07,european,ITG2G,oristano,-0.11085432128789782
698,2009_06_07,european,ITG2H,sud sardegna,-0.09640670873135122
699,2009_06_07,european,ITH10,bolzano,0.10943147811196799
700,2009_06_07,european,ITH20,trento,0.07887546291571161
701,2009_06_07,european,ITH31,verona,0.2693490503726365
702,2009_06_07,european,ITH32,vicenza,0.2590975597115077
703,2009_06_07,european,ITH33,belluno,0.19963205170037102
704,2009_06_07,european,ITH34,treviso,0.2765076677501954
705,2009_06_07,european,ITH35,venezia,0.1233656548401582
706,2009_06_07,european,ITH36,padova,0.15693300520602174
707,2009_06_07,european,ITH37,rovigo,0.10132729841376863
708,2009_06_07,european,ITH41,pordenone,0.15865805443145203
709,2009_06_07,european,ITH42,udine,0.1066212010930171
710,2009_06_07,european,ITH43,gorizia,0.03779604301673863
711,2009_06_07,european,ITH44,trieste,-0.007508734451775497
712,2009_06_07,european,ITH51,piacenza,0.07911143813505314
713,2009_06_07,european,ITH52,parma,0.06594413362452026
714,2009_06_07,european,ITH53,reggio nellemilia,0.052169137888674014
715,2009_06_07,european,ITH54,modena,0.04113454853172005
716,2009_06_07,european,ITH55,bologna,-0.015209220330979392
717,2009_06_07,european,ITH56,ferrara,0.0025536827637101835
718,2009_06_07,european,ITH57,ravenna,0.010481011385865683
719,2009_06_07,european,ITH58,forlicesena,0.018145868765556544
720,2009_06_07,european,ITH59,rimini,-0.005326768814185703
721,2009_06_07,european,ITI11,massacarrara,-0.03817035081036307
722,2009_06_07,european,ITI12,lucca,-0.04102331337418507
723,2009_06_07,european,ITI13,pistoia,-0.04832123226299221
724,2009_06_07,european,ITI14,firenze,-0.059521314469567384
725,2009_06_07,european,ITI15,prato,-0.042210377408817126
726,2009_06_07,european,ITI16,livorno,-0.06336444445686354
727,2009_06_07,european,ITI17,pisa,-0.05077344691591849
728,2009_06_07,european,ITI18,arezzo,-0.041511990225085206
729,2009_06_07,european,ITI19,siena,-0.0556670175927877
730,2009_06_07,european,ITI1A,grosseto,-0.07244788001874918
731,2009_06_07,european,ITI21,perugia,-0.05765640044997684
732,2009_06_07,european,ITI22,terni,-0.0823464322498532
733,2009_06_07,european,ITI31,pesaro e urbino,-0.020732069960024902
734,2009_06_07,european,ITI32,ancona,-0.04081993965994388
735,2009_06_07,european,ITI33,macerata,-0.0429387998528749
736,2009_06_07,european,ITI34,ascoli piceno,-0.06372159371684027
737,2009_06_07,european,ITI35,fermo,-0.05451402217141533
738,2009_06_07,european,ITI41,viterbo,-0.09752727710151265
739,2009_06_07,european,ITI42,rieti,-0.09439847904684262
740,2009_06_07,european,ITI43,roma,-0.09617391282706894
741,2009_06_07,european,ITI44,latina,-0.11202516004040103
742,2009_06_07,european,ITI45,frosinone,-0.10786333273229469
743,2013_02_24,camera,ITC11,torino,-0.025449371610252566
744,2013_02_24,camera,ITC12,vercelli,7.666350599919345e-05
745,2013_02_24,camera,ITC13,biella,-0.027042991128511756
746,2013_02_24,camera,ITC14,verbanocusioossola,0.011468112200331155
747,2013_02_24,camera,ITC15,novara,-0.0129760144133999
748,2013_02_24,camera,ITC16,cuneo,-0.04232687698712883
749,2013_02_24,camera,ITC17,asti,-0.03815451209381412
750,2013_02_24,camera,ITC18,alessandria,-0.02993712125585234
751,2013_02_24,camera,ITC31,imperia,-0.12525602876773553
752,2013_02_24,camera,ITC32,savona,-0.07216396159595512
753,2013_02_24,camera,ITC33,genova,-0.028422320490454494
754,2013_02_24,camera,ITC34,la spezia,0.006276776193385106
755,2013_02_24,camera,ITC41,varese,0.027095298233145545
756,2013_02_24,camera,ITC42,como,0.027793215023721528
757,2013_02_24,camera,ITC43,lecco,0.0590333512682631
758,2013_02_24,camera,ITC44,sondrio,0.0487557708207323
759,2013_02_24,camera,ITC46,bergamo,0.05755260152660248
760,2013_02_24,camera,ITC47,brescia,0.04837745634383692
761,2013_02_24,camera,ITC48,pavia,0.026295143791065647
762,2013_02_24,camera,ITC49,lodi,0.042477474909872866
763,2013_02_24,camera,ITC4A,cremona,0.04794856966776781
764,2013_02_24,camera,ITC4B,mantova,0.04878250623649945
765,2013_02_24,camera,ITC4C,milano,0.052493608275444144
766,2013_02_24,camera,ITC4D,monza e della brianza,0.031229212934668373
767,2013_02_24,camera,ITF11,laquila,-0.05288159697193609
768,2013_02_24,camera,ITF12,teramo,-0.09872056408461737
769,2013_02_24,camera,ITF13,pescara,-0.09012130030451267
770,2013_02_24,camera,ITF14,chieti,-0.06971462580699674
771,2013_02_24,camera,ITF21,isernia,-0.05163093320110983
772,2013_02_24,camera,ITF22,campobasso,-0.056136352299351974
773,2013_02_24,camera,ITF31,caserta,-0.05569937785550662
774,2013_02_24,camera,ITF32,benevento,-0.026599324651383125
775,2013_02_24,camera,ITF33,napoli,-0.045390079211060565
776,2013_02_24,camera,ITF34,avellino,0.016661275231458914
777,2013_02_24,camera,ITF35,salerno,-0.02389911984583767
778,2013_02_24,camera,ITF43,taranto,-0.13759586460310583
779,2013_02_24,camera,ITF44,brindisi,-0.09208888652911394
780,2013_02_24,camera,ITF45,lecce,-0.09744966274880881
781,2013_02_24,camera,ITF46,foggia,-0.07649058665009463
782,2013_02_24,camera,ITF47,bari,-0.10232079357708308
783,2013_02_24,camera,ITF48,barlettaandriatrani,-0.11102604681620483
784,2013_02_24,camera,ITF51,potenza,0.007573628570499377
785,2013_02_24,camera,ITF52,matera,-0.053868785045837454
786,2013_02_24,camera,ITF61,cosenza,-0.06736620599131181
787,2013_02_24,camera,ITF62,crotone,-0.0478657900594677
788,2013_02_24,camera,ITF63,catanzaro,-0.04289875228226626
789,2013_02_24,camera,ITF64,vibo valentia,0.03913962563233496
790,2013_02_24,camera,ITF65,reggio calabria,-0.04106440555785422
791,2013_02_24,camera,ITG11,trapani,-0.19950441394851728
792,2013_02_24,camera,ITG12,palermo,-0.12331853315234392
793,2013_02_24,camera,ITG13,messina,-0.011253296975519867
794,2013_02_24,camera,ITG14,agrigento,-0.1347833119060658
795,2013_02_24,camera,ITG15,caltanissetta,-0.15215261927978668
796,2013_02_24,camera,ITG16,enna,-0.05538117647780796
797,2013_02_24,camera,ITG17,catania,-0.15814533580252177
798,2013_02_24,camera,ITG18,ragusa,-0.14997527087939402
799,2013_02_24,camera,ITG19,siracusa,-0.13882402521978732
800,2013_02_24,camera,ITG2D,sassari,-0.04873971571616919
801,2013_02_24,camera,ITG2E,nuoro,0.019084278498424045
802,2013_02_24,camera,ITG2F,cagliari,-0.09374376153810557
803,2013_02_24,camera,ITG2G,oristano,-0.04839973020031001
804,2013_02_24,camera,ITG2H,sud sardegna,-0.060197938982207495
805,2013_02_24,camera,ITH10,bolzano,0.02121423296212934
806,2013_02_24,camera,ITH20,trento,0.03556207672945229
807,2013_02_24,camera,ITH31,verona,0.11746859119677318
808,2013_02_24,camera,ITH32,vicenza,0.07732245054966333
809,2013_02_24,camera,ITH33,belluno,0.009427301294240723
810,2013_02_24,camera,ITH34,treviso,-0.03396525868787731
811,2013_02_24,camera,ITH35,venezia,-0.029343465800210525
812,2013_02_24,camera,ITH36,padova,0.07182914862061993
813,2013_02_24,camera,ITH37,rovigo,0.08442707190274029
814,2013_02_24,camera,ITH41,pordenone,0.0596375423493831
815,2013_02_24,camera,ITH42,udine,0.01945235697212417
816,2013_02_24,camera,ITH43,gorizia,0.06419897289500315
817,2013_02_24,camera,ITH44,trieste,0.22956826783609313
818,2013_02_24,camera,ITH51,piacenza,0.025909855580329787
819,2013_02_24,camera,ITH52,parma,0.0052992173955337275
820,2013_02_24,camera,ITH53,reggio nellemilia,0.10659708009886358
821,2013_02_24,camera,ITH54,modena,0.10144229485392021
822,2013_02_24,camera,ITH55,bologna,0.11673309486293452
823,2013_02_24,camera,ITH56,ferrara,0.04998600044010613
824,2013_02_24,camera,ITH57,ravenna,0.1014419823280829
825,2013_02_24,camera,ITH58,forlicesena,0.056869848917774336
826,2013_02_24,camera,ITH59,rimini,-0.020947835518298676
827,2013_02_24,camera,ITI11,massacarrara,0.23659266762564823
828,2013_02_24,camera,ITI12,lucca,0.17368644223174867
829,2013_02_24,camera,ITI13,pistoia,0.24922179578774545
830,2013_02_24,camera,ITI14,firenze,0.2218172935609732
831,2013_02_24,camera,ITI15,prato,0.0773952982377185
832,2013_02_24,camera,ITI16,livorno,0.0712456850143348
833,2013_02_24,camera,ITI17,pisa,0.14007073099307285
834,2013_02_24,camera,ITI18,arezzo,0.12581188908605181
835,2013_02_24,camera,ITI19,siena,0.2721384917894582
836,2013_02_24,camera,ITI1A,grosseto,0.09843786705052855
837,2013_02_24,camera,ITI21,perugia,0.1794573781901126
838,2013_02_24,camera,ITI22,terni,0.04497991323426875
839,2013_02_24,camera,ITI31,pesaro e urbino,-0.03330942354164273
840,2013_02_24,camera,ITI32,ancona,-0.018984526711504343
841,2013_02_24,camera,ITI33,macerata,-0.06533287911254274
842,2013_02_24,camera,ITI34,ascoli piceno,-0.06948040841698386
843,2013_02_24,camera,ITI35,fermo,-0.07155639323489339
844,2013_02_24,camera,ITI41,viterbo,-0.0843716432302808
845,2013_02_24,camera,ITI42,rieti,-0.05565657025946764
846,2013_02_24,camera,ITI43,roma,-0.031411175464406436
847,2013_02_24,camera,ITI44,latina,-0.0796348008684717
848,2013_02_24,camera,ITI45,frosinone,-0.05238564608979668
849,2014_05_25,european,ITC11,torino,0.02658565854902277
850,2014_05_25,european,ITC12,vercelli,0.0021115488409197353
851,2014_05_25,european,ITC13,biella,-0.009913092552179096
852,2014_05_25,european,ITC14,verbanocusioossola,0.007099674572949309
853,2014_05_25,european,ITC15,novara,0.012480345876277374
854,2014_05_25,european,ITC16,cuneo,-0.022243859197133117
855,2014_05_25,european,ITC17,asti,0.0017902183854716894
856,2014_05_25,european,ITC18,alessandria,0.003115230639612872
857,2014_05_25,european,ITC20,valle daosta,0.09123912754018958
858,2014_05_25,european,ITC31,imperia,-0.07742451967725658
859,2014_05_25,european,ITC32,savona,0.0017321519783665919
860,2014_05_25,european,ITC33,genova,0.023018678823337836
861,2014_05_25,european,ITC34,la spezia,0.06336278013509082
862,2014_05_25,european,ITC41,varese,0.011523617909449635
863,2014_05_25,european,ITC42,como,0.008775640183545819
864,2014_05_25,european,ITC43,lecco,0.0525101920233024
865,2014_05_25,european,ITC44,sondrio,0.021258959972129
866,2014_05_25,european,ITC46,bergamo,0.033174445059749307
867,2014_05_25,european,ITC47,brescia,0.020041379609390245
868,2014_05_25,european,ITC48,pavia,0.0007138902311248368
869,2014_05_25,european,ITC49,lodi,0.02403051564054151
870,2014_05_25,european,ITC4A,cremona,0.01601419811762874
871,2014_05_25,european,ITC4B,mantova,0.0743946794423375
872,2014_05_25,european,ITC4C,milano,0.04506942782433316
873,2014_05_25,european,ITC4D,monza e della brianza,0.032151596062945174
874,2014_05_25,european,ITF11,laquila,-0.1171482297484483
875,2014_05_25,european,ITF12,teramo,-0.09851436110567496
876,2014_05_25,european,ITF13,pescara,-0.11604403634033145
877,2014_05_25,european,ITF14,chieti,-0.10171396242087198
878,2014_05_25,european,ITF21,isernia,-0.174719767400067
879,2014_05_25,european,ITF22,campobasso,-0.1103700290737682
880,2014_05_25,european,ITF31,caserta,-0.12696744448245825
881,2014_05_25,european,ITF32,benevento,-0.10395868355612685
882,2014_05_25,european,ITF33,napoli,-0.07075816836371887
883,2014_05_25,european,ITF34,avellino,-0.054667440623759445
884,2014_05_25,european,ITF35,salerno,-0.06884186349615133
885,2014_05_25,european,ITF43,taranto,-0.0947320705754892
886,2014_05_25,european,ITF44,brindisi,-0.14287511541136194
887,2014_05_25,european,ITF45,lecce,-0.09044069627286982
888,2014_05_25,european,ITF46,foggia,-0.08988608078921254
889,2014_05_25,european,ITF47,bari,-0.11495212839700168
890,2014_05_25,european,ITF48,barlettaandriatrani,-0.12733219623257258
891,2014_05_25,european,ITF51,potenza,0.035406595120328274
892,2014_05_25,european,ITF52,matera,-0.022319188502728814
893,2014_05_25,european,ITF61,cosenza,-0.052077966781367904
894,2014_05_25,european,ITF62,crotone,-0.04444909020960822
895,2014_05_25,european,ITF63,catanzaro,-0.09318823251173519
896,2014_05_25,european,ITF64,vibo valentia,-0.07418562331417693
897,2014_05_25,european,ITF65,reggio calabria,-0.09178793508797821
898,2014_05_25,european,ITG11,trapani,-0.10999287740712055
899,2014_05_25,european,ITG12,palermo,-0.11704621770779684
900,2014_05_25,european,ITG13,messina,-0.0964836281757104
901,2014_05_25,european,ITG14,agrigento,-0.09539943205806789
902,2014_05_25,european,ITG15,caltanissetta,-0.09523509570179736
903,2014_05_25,european,ITG16,enna,-0.005040547414287859
904,2014_05_25,european,ITG17,catania,-0.13896755711951583
905,2014_05_25,european,ITG18,ragusa,-0.06710334980719262
906,2014_05_25,european,ITG19,siracusa,-0.06794362335932437
907,2014_05_25,european,ITG2D,sassari,-0.028782341833044227
908,2014_05_25,european,ITG2E,nuoro,0.008683713531677606
909,2014_05_25,european,ITG2F,cagliari,-0.08148996086048658
910,2014_05_25,european,ITG2G,oristano,-0.0468283038695223
911,2014_05_25,european,ITG2H,sud sardegna,-0.04117792631236413
912,2014_05_25,european,ITH10,bolzano,-0.14431873170215773
913,2014_05_25,european,ITH20,trento,0.0642159052498334
914,2014_05_25,european,ITH31,verona,-0.00583977752976227
915,2014_05_25,european,ITH32,vicenza,0.01380657911612869
916,2014_05_25,european,ITH33,belluno,0.030195750395902204
917,2014_05_25,european,ITH34,treviso,0.007584045648126377
918,2014_05_25,european,ITH35,venezia,0.033164550884595766
919,2014_05_25,european,ITH36,padova,-0.024532648897848088
920,2014_05_25,european,ITH37,rovigo,0.027407661049963276
921,2014_05_25,european,ITH41,pordenone,0.03266590629286766
922,2014_05_25,european,ITH42,udine,0.04370459486462862
923,2014_05_25,european,ITH43,gorizia,0.08110432506757684
924,2014_05_25,european,ITH44,trieste,-0.0048200236177028555
925,2014_05_25,european,ITH51,piacenza,0.022775048677456056
926,2014_05_25,european,ITH52,parma,0.09210957799359014
927,2014_05_25,european,ITH53,reggio nellemilia,0.16577475545824427
928,2014_05_25,european,ITH54,modena,0.14564602115330158
929,2014_05_25,european,ITH55,bologna,0.1599448089024163
930,2014_05_25,european,ITH56,ferrara,0.09817091249621374
931,2014_05_25,european,ITH57,ravenna,0.17245528733000845
932,2014_05_25,european,ITH58,forlicesena,0.1337460078469984
933,2014_05_25,european,ITH59,rimini,0.050917489255355164
934,2014_05_25,european,ITI11,massacarrara,0.06149607487689387
935,2014_05_25,european,ITI12,lucca,0.08202802792918852
936,2014_05_25,european,ITI13,pistoia,0.15558339621626305
937,2014_05_25,european,ITI14,firenze,0.22823149196984258
938,2014_05_25,european,ITI15,prato,0.1735410595459311
939,2014_05_25,european,ITI16,livorno,0.13319713354825824
940,2014_05_25,european,ITI17,pisa,0.14639543526146898
941,2014_05_25,european,ITI18,arezzo,0.1688033326556988
942,2014_05_25,european,ITI19,siena,0.21503924686425052
943,2014_05_25,european,ITI1A,grosseto,0.09484872452548947
944,2014_05_25,european,ITI21,perugia,0.09018060779842219
945,2014_05_25,european,ITI22,terni,0.06529271757078613
946,2014_05_25,european,ITI31,pesaro e urbino,0.06760136961967457
947,2014_05_25,european,ITI32,ancona,0.08734273493496487
948,2014_05_25,european,ITI33,macerata,0.018909962633940385
949,2014_05_25,european,ITI34,ascoli piceno,-0.0325255725391588
950,2014_05_25,european,ITI35,fermo,0.013455453122765462
951,2014_05_25,european,ITI41,viterbo,-0.03879790949554241
952,2014_05_25,european,ITI42,rieti,-0.04017853637227398
953,2014_05_25,european,ITI43,roma,-0.01257339651913132
954,2014_05_25,european,ITI44,latina,-0.13557053014927162
955,2014_05_25,european,ITI45,frosinone,-0.07146049225363246
956,2018_03_04,camera,ITC11,torino,0.0574757231943472
957,2018_03_04,camera,ITC12,vercelli,0.11837842523933148
958,2018_03_04,camera,ITC13,biella,0.10393383085414688
959,2018_03_04,camera,ITC14,verbanocusioossola,0.12229556022127717
960,2018_03_04,camera,ITC15,novara,0.11745151587910907
961,2018_03_04,camera,ITC16,cuneo,0.13969525864417412
962,2018_03_04,camera,ITC17,asti,0.10932244998066022
963,2018_03_04,camera,ITC18,alessandria,0.09625121486205657
964,2018_03_04,camera,ITC20,valle daosta,0.11475681079235829
965,2018_03_04,camera,ITC31,imperia,0.04488686344974482
966,2018_03_04,camera,ITC32,savona,0.06590439070501652
967,2018_03_04,camera,ITC33,genova,0.03015841481291906
968,2018_03_04,camera,ITC34,la spezia,0.04592586611645481
969,2018_03_04,camera,ITC41,varese,0.1484959597756314
970,2018_03_04,camera,ITC42,como,0.1807860775948694
971,2018_03_04,camera,ITC43,lecco,0.19895921424485513
972,2018_03_04,camera,ITC44,sondrio,0.2576337009635489
973,2018_03_04,camera,ITC46,bergamo,0.2311330942731548
974,2018_03_04,camera,ITC47,brescia,0.21041846662927022
975,2018_03_04,camera,ITC48,pavia,0.13454611933292507
976,2018_03_04,camera,ITC49,lodi,0.1548160750787909
977,2018_03_04,camera,ITC4A,cremona,0.17872978581278157
978,2018_03_04,camera,ITC4B,mantova,0.12535555419786615
979,2018_03_04,camera,ITC4C,milano,0.10278808332615996
980,2018_03_04,camera,ITC4D,monza e della brianza,0.12858674634584424
981,2018_03_04,camera,ITF11,laquila,-0.02650779841017445
982,2018_03_04,camera,ITF12,teramo,-0.08572073918827534
983,2018_03_04,camera,ITF13,pescara,-0.0986107730371318
984,2018_03_04,camera,ITF14,chieti,-0.11573054549691901
985,2018_03_04,camera,ITF21,isernia,-0.13466905067235974
986,2018_03_04,camera,ITF22,campobasso,-0.17490885150849322
987,2018_03_04,camera,ITF31,caserta,-0.2327083084903791
988,2018_03_04,camera,ITF32,benevento,-0.17520696639452918
989,2018_03_04,camera,ITF33,napoli,-0.2706677684954243
990,2018_03_04,camera,ITF34,avellino,-0.16559369645283106
991,2018_03_04,camera,ITF35,salerno,-0.1473528093373846
992,2018_03_04,camera,ITF43,taranto,-0.19471379333543307
993,2018_03_04,camera,ITF44,brindisi,-0.20225670577361682
994,2018_03_04,camera,ITF45,lecce,-0.13392516517595093
995,2018_03_04,camera,ITF46,foggia,-0.17063459329976866
996,2018_03_04,camera,ITF47,bari,-0.1954890382845807
997,2018_03_04,camera,ITF48,barlettaandriatrani,-0.21188987754701136
998,2018_03_04,camera,ITF51,potenza,-0.16154736572645778
999,2018_03_04,camera,ITF52,matera,-0.1665210039275386
1000,2018_03_04,camera,ITF61,cosenza,-0.21579909405484954
1001,2018_03_04,camera,ITF62,crotone,-0.2402714783182936
1002,2018_03_04,camera,ITF63,catanzaro,-0.17312873515058186
1003,2018_03_04,camera,ITF64,vibo valentia,-0.083593803059044
1004,2018_03_04,camera,ITF65,reggio calabria,-0.12562955214186275
1005,2018_03_04,camera,ITG11,trapani,-0.2531902226527638
1006,2018_03_04,camera,ITG12,palermo,-0.20817283566138128
1007,2018_03_04,camera,ITG13,messina,-0.17671091563083352
1008,2018_03_04,camera,ITG14,agrigento,-0.24381225533424816
1009,2018_03_04,camera,ITG15,caltanissetta,-0.2134049053888933
1010,2018_03_04,camera,ITG16,enna,-0.23009412620966194
1011,2018_03_04,camera,ITG17,catania,-0.23343979631030384
1012,2018_03_04,camera,ITG18,ragusa,-0.24111103170125764
1013,2018_03_04,camera,ITG19,siracusa,-0.2733744052201195
1014,2018_03_04,camera,ITG2D,sassari,-0.11745722001746972
1015,2018_03_04,camera,ITG2E,nuoro,-0.16078271793864907
1016,2018_03_04,camera,ITG2F,cagliari,-0.11061086426014768
1017,2018_03_04,camera,ITG2G,oristano,-0.10474258904267557
1018,2018_03_04,camera,ITG2H,sud sardegna,-0.1291069360224485
1019,2018_03_04,camera,ITH10,bolzano,0.0952446030396185
1020,2018_03_04,camera,ITH20,trento,0.13929967718851505
1021,2018_03_04,camera,ITH31,verona,0.15588667573600007
1022,2018_03_04,camera,ITH32,vicenza,0.1857431911967433
1023,2018_03_04,camera,ITH33,belluno,0.16421204086189722
1024,2018_03_04,camera,ITH34,treviso,0.2018308204969244
1025,2018_03_04,camera,ITH35,venezia,0.10932842327485989
1026,2018_03_04,camera,ITH36,padova,0.15266125695595364
1027,2018_03_04,camera,ITH37,rovigo,0.140167165477986
1028,2018_03_04,camera,ITH41,pordenone,0.14789971289487489
1029,2018_03_04,camera,ITH42,udine,0.1382751398719307
1030,2018_03_04,camera,ITH43,gorizia,0.07434538066162948
1031,2018_03_04,camera,ITH44,trieste,0.0837553984356987
1032,2018_03_04,camera,ITH51,piacenza,0.13434155469306475
1033,2018_03_04,camera,ITH52,parma,0.11173752450775735
1034,2018_03_04,camera,ITH53,reggio nellemilia,0.04867180160929923
1035,2018_03_04,camera,ITH54,modena,0.07044428189566744
1036,2018_03_04,camera,ITH55,bologna,0.07324396907724974
1037,2018_03_04,camera,ITH56,ferrara,0.12724160297388548
1038,2018_03_04,camera,ITH57,ravenna,0.07805228288582595
1039,2018_03_04,camera,ITH58,forlicesena,0.056867733516270814
1040,2018_03_04,camera,ITH59,rimini,0.03551942607079975
1041,2018_03_04,camera,ITI11,massacarrara,0.04483499581085821
1042,2018_03_04,camera,ITI12,lucca,0.08478325829474502
1043,2018_03_04,camera,ITI13,pistoia,0.10204715295619365
1044,2018_03_04,camera,ITI14,firenze,0.10316894751865888
1045,2018_03_04,camera,ITI15,prato,0.09361387472969643
1046,2018_03_04,camera,ITI16,livorno,0.06845925763722223
1047,2018_03_04,camera,ITI17,pisa,0.09435434715593452
1048,2018_03_04,camera,ITI18,arezzo,0.09738906606470372
1049,2018_03_04,camera,ITI19,siena,0.09966823344771708
1050,2018_03_04,camera,ITI1A,grosseto,0.0848958180759651
1051,2018_03_04,camera,ITI21,perugia,0.08495837901827537
1052,2018_03_04,camera,ITI22,terni,0.052776407154733966
1053,2018_03_04,camera,ITI31,pesaro e urbino,-0.004097086681126754
1054,2018_03_04,camera,ITI32,ancona,-0.005311991709637496
1055,2018_03_04,camera,ITI33,macerata,0.031729534267347495
1056,2018_03_04,camera,ITI34,ascoli piceno,-0.04148076995499066
1057,2018_03_04,camera,ITI35,fermo,-0.021364614407906685
1058,2018_03_04,camera,ITI41,viterbo,0.003113914502598443
1059,2018_03_04,camera,ITI42,rieti,0.011826843761644026
1060,2018_03_04,camera,ITI43,roma,-0.020205769145821745
1061,2018_03_04,camera,ITI44,latina,-0.04657020939610254
1062,2018_03_04,camera,ITI45,frosinone,-0.06295612008071169
1063,2019_05_26,european,ITC11,torino,0.0061134185017709276
1064,2019_05_26,european,ITC12,vercelli,0.11423696445093023
1065,2019_05_26,european,ITC13,biella,0.09390146350968127
1066,2019_05_26,european,ITC14,verbanocusioossola,0.11891500545652364
1067,2019_05_26,european,ITC15,novara,0.08725505059548652
1068,2019_05_26,european,ITC16,cuneo,0.12005987281797924
1069,2019_05_26,european,ITC17,asti,0.09725283033827435
1070,2019_05_26,european,ITC18,alessandria,0.08694288304179375
1071,2019_05_26,european,ITC20,valle daosta,0.07745049388997712
1072,2019_05_26,european,ITC31,imperia,0.05332320561073714
1073,2019_05_26,european,ITC32,savona,0.05240750662012522
1074,2019_05_26,european,ITC33,genova,-0.015819670460055453
1075,2019_05_26,european,ITC34,la spezia,0.025787798745205932
1076,2019_05_26,european,ITC41,varese,0.13228409516320638
1077,2019_05_26,european,ITC42,como,0.1569690968452247
1078,2019_05_26,european,ITC43,lecco,0.14418078344545754
1079,2019_05_26,european,ITC44,sondrio,0.20522901108847863
1080,2019_05_26,european,ITC46,bergamo,0.19372826657637238
1081,2019_05_26,european,ITC47,brescia,0.17758125444002432
1082,2019_05_26,european,ITC48,pavia,0.14374541142813105
1083,2019_05_26,european,ITC49,lodi,0.1302128537248846
1084,2019_05_26,european,ITC4A,cremona,0.1437455247191704
1085,2019_05_26,european,ITC4B,mantova,0.11659207260982517
1086,2019_05_26,european,ITC4C,milano,0.05387652386679643
1087,2019_05_26,european,ITC4D,monza e della brianza,0.10193652941162208
1088,2019_05_26,european,ITF11,laquila,-0.004564276443359678
1089,2019_05_26,european,ITF12,teramo,-0.008476103439769121
1090,2019_05_26,european,ITF13,pescara,-0.04401203859230415
1091,2019_05_26,european,ITF14,chieti,-0.05063757238471915
1092,2019_05_26,european,ITF21,isernia,-0.13905892878518872
1093,2019_05_26,european,ITF22,campobasso,-0.174278407200975
1094,2019_05_26,european,ITF31,caserta,-0.19221490102333155
1095,2019_05_26,european,ITF32,benevento,-0.13089898967086708
1096,2019_05_26,european,ITF33,napoli,-0.29576371355331865
1097,2019_05_26,european,ITF34,avellino,-0.1754761653694778
1098,2019_05_26,european,ITF35,salerno,-0.14215971727504767
1099,2019_05_26,european,ITF43,taranto,-0.13602255128305074
1100,2019_05_26,european,ITF44,brindisi,-0.12333817173516305
1101,2019_05_26,european,ITF45,lecce,-0.08735626069807735
1102,2019_05_26,european,ITF46,foggia,-0.12819873170998916
1103,2019_05_26,european,ITF47,bari,-0.15197620297966777
1104,2019_05_26,european,ITF48,barlettaandriatrani,-0.16966784800484863
1105,2019_05_26,european,ITF51,potenza,-0.15845966870501316
1106,2019_05_26,european,ITF52,matera,-0.1739157093496018
1107,2019_05_26,european,ITF61,cosenza,-0.18064780114297171
1108,2019_05_26,european,ITF62,crotone,-0.1892393055148256
1109,2019_05_26,european,ITF63,catanzaro,-0.1549382135696011
1110,2019_05_26,european,ITF64,vibo valentia,-0.13954008321958702
1111,2019_05_26,european,ITF65,reggio calabria,-0.11448406062762563
1112,2019_05_26,european,ITG11,trapani,-0.23842103167700313
1113,2019_05_26,european,ITG12,palermo,-0.20141596852660304
1114,2019_05_26,european,ITG13,messina,-0.17758208884482157
1115,2019_05_26,european,ITG14,agrigento,-0.22063697051375641
1116,2019_05_26,european,ITG15,caltanissetta,-0.20996210732997012
1117,2019_05_26,european,ITG16,enna,-0.2430194166232982
1118,2019_05_26,european,ITG17,catania,-0.2089790911102919
1119,2019_05_26,european,ITG18,ragusa,-0.17014956818796617
1120,2019_05_26,european,ITG19,siracusa,-0.23564226928066745
1121,2019_05_26,european,ITG2D,sassari,-0.08438946219335551
1122,2019_05_26,european,ITG2E,nuoro,-0.10871466059956367
1123,2019_05_26,european,ITG2F,cagliari,-0.09911714720281593
1124,2019_05_26,european,ITG2G,oristano,-0.07584640335033759
1125,2019_05_26,european,ITG2H,sud sardegna,-0.10227548085195493
1126,2019_05_26,european,ITH10,bolzano,-0.02819983892477343
1127,2019_05_26,european,ITH20,trento,0.09607969861934902
1128,2019_05_26,european,ITH31,verona,0.1677673509414922
1129,2019_05_26,european,ITH32,vicenza,0.20017594825933352
1130,2019_05_26,european,ITH33,belluno,0.16155109684865324
1131,2019_05_26,european,ITH34,treviso,0.2099732841872846
1132,2019_05_26,european,ITH35,venezia,0.13184334686531335
1133,2019_05_26,european,ITH36,padova,0.1601219799635301
1134,2019_05_26,european,ITH37,rovigo,0.1518075728976984
1135,2019_05_26,european,ITH41,pordenone,0.14520005781858406
1136,2019_05_26,european,ITH42,udine,0.14451704347915
1137,2019_05_26,european,ITH43,gorizia,0.06599855333997035
1138,2019_05_26,european,ITH44,trieste,0.041185931232395875
1139,2019_05_26,european,ITH51,piacenza,0.13170141256267115
1140,2019_05_26,european,ITH52,parma,0.08566617170959152
1141,2019_05_26,european,ITH53,reggio nellemilia,0.015741120772123002
1142,2019_05_26,european,ITH54,modena,0.0517653802466473
1143,2019_05_26,european,ITH55,bologna,0.0061617380852292
1144,2019_05_26,european,ITH56,ferrara,0.1078864940446078
1145,2019_05_26,european,ITH57,ravenna,0.04247113141033718
1146,2019_05_26,european,ITH58,forlicesena,0.043520962499382546
1147,2019_05_26,european,ITH59,rimini,0.03912150700159145
1148,2019_05_26,european,ITI11,massacarrara,0.028206059580959446
1149,2019_05_26,european,ITI12,lucca,0.074276906393463
1150,2019_05_26,european,ITI13,pistoia,0.057678205236962474
1151,2019_05_26,european,ITI14,firenze,0.0018489407941191356
1152,2019_05_26,european,ITI15,prato,0.060670017822588795
1153,2019_05_26,european,ITI16,livorno,0.0005517877007786266
1154,2019_05_26,european,ITI17,pisa,0.04652399529851693
1155,2019_05_26,european,ITI18,arezzo,0.06125438706711518
1156,2019_05_26,european,ITI19,siena,0.02594242765128525
1157,2019_05_26,european,ITI1A,grosseto,0.06382909784056626
1158,2019_05_26,european,ITI21,perugia,0.05853895646697265
1159,2019_05_26,european,ITI22,terni,0.04975099736170731
1160,2019_05_26,european,ITI31,pesaro e urbino,0.029970180631266465
1161,2019_05_26,european,ITI32,ancona,0.007001792108151132
1162,2019_05_26,european,ITI33,macerata,0.06027077481313202
1163,2019_05_26,european,ITI34,ascoli piceno,0.010708722533441937
1164,2019_05_26,european,ITI35,fermo,0.06623640028667514
1165,2019_05_26,european,ITI41,viterbo,0.06353295615204275
1166,2019_05_26,european,ITI42,rieti,0.05435271859404687
1167,2019_05_26,european,ITI43,roma,-0.025920682714863974
1168,2019_05_26,european,ITI44,latina,0.023785470349464048
1169,2019_05_26,european,ITI45,frosinone,0.03250078630461384
1170,2022_09_25,camera,ITC11,torino,0.030409134021866995
1171,2022_09_25,camera,ITC12,vercelli,0.0938285315039316
1172,2022_09_25,camera,ITC13,biella,0.09843683651921585
1173,2022_09_25,camera,ITC14,verbanocusioossola,0.0881236318466527
1174,2022_09_25,camera,ITC15,novara,0.08549454822237973
1175,2022_09_25,camera,ITC16,cuneo,0.10058135394461509
1176,2022_09_25,camera,ITC17,asti,0.07245137392385095
1177,2022_09_25,camera,ITC18,alessandria,0.07328558451101845
1178,2022_09_25,camera,ITC31,imperia,0.05843562387469251
1179,2022_09_25,camera,ITC32,savona,0.054246118376793696
1180,2022_09_25,camera,ITC33,genova,0.011986322484660746
1181,2022_09_25,camera,ITC34,la spezia,0.030859814147658725
1182,2022_09_25,camera,ITC41,varese,0.09484093239114749
1183,2022_09_25,camera,ITC42,como,0.10736405275015129
1184,2022_09_25,camera,ITC43,lecco,0.10900184526377805
1185,2022_09_25,camera,ITC44,sondrio,0.13177497942227256
1186,2022_09_25,camera,ITC46,bergamo,0.12364035736304385
1187,2022_09_25,camera,ITC47,brescia,0.12030674569552387
1188,2022_09_25,camera,ITC48,pavia,0.09033661663350195
1189,2022_09_25,camera,ITC49,lodi,0.09653283305330476
1190,2022_09_25,camera,ITC4A,cremona,0.11466281030317078
1191,2022_09_25,camera,ITC4B,mantova,0.0981269492030103
1192,2022_09_25,camera,ITC4C,milano,0.06451214347579494
1193,2022_09_25,camera,ITC4D,monza e della brianza,0.07856627174321917
1194,2022_09_25,camera,ITF11,laquila,0.015109111344831738
1195,2022_09_25,camera,ITF12,teramo,-0.039774524963922836
1196,2022_09_25,camera,ITF13,pescara,-0.03813001901465523
1197,2022_09_25,camera,ITF14,chieti,-0.049630313163989914
1198,2022_09_25,camera,ITF21,isernia,-0.06528980465193336
1199,2022_09_25,camera,ITF22,campobasso,-0.12301853656209481
1200,2022_09_25,camera,ITF31,caserta,-0.20614286952777755
1201,2022_09_25,camera,ITF32,benevento,-0.11633072832002357
1202,2022_09_25,camera,ITF33,napoli,-0.292308813775295
1203,2022_09_25,camera,ITF34,avellino,-0.12203283084800569
1204,2022_09_25,camera,ITF35,salerno,-0.09327254154757172
1205,2022_09_25,camera,ITF43,taranto,-0.13511127456321365
1206,2022_09_25,camera,ITF44,brindisi,-0.14619508142769416
1207,2022_09_25,camera,ITF45,lecce,-0.053403349256357896
1208,2022_09_25,camera,ITF46,foggia,-0.24618127764651968
1209,2022_09_25,camera,ITF47,bari,-0.1244631726442281
1210,2022_09_25,camera,ITF48,barlettaandriatrani,-0.15029147228528433
1211,2022_09_25,camera,ITF51,potenza,-0.11771024426729014
1212,2022_09_25,camera,ITF52,matera,-0.12777957816889315
1213,2022_09_25,camera,ITF61,cosenza,-0.23529941348608496
1214,2022_09_25,camera,ITF62,crotone,-0.2665039396202915
1215,2022_09_25,camera,ITF63,catanzaro,-0.14508775032821666
1216,2022_09_25,camera,ITF64,vibo valentia,-0.16179979902399405
1217,2022_09_25,camera,ITF65,reggio calabria,-0.09897910756686981
1218,2022_09_25,camera,ITG11,trapani,-0.1692968853381024
1219,2022_09_25,camera,ITG12,palermo,-0.21498940750579845
1220,2022_09_25,camera,ITG13,messina,-0.11737424901256321
1221,2022_09_25,camera,ITG14,agrigento,-0.18175324083080852
1222,2022_09_25,camera,ITG15,caltanissetta,-0.1861850585922138
1223,2022_09_25,camera,ITG16,enna,-0.17507549569058103
1224,2022_09_25,camera,ITG17,catania,-0.1678794331279584
1225,2022_09_25,camera,ITG18,ragusa,-0.12559183868365506
1226,2022_09_25,camera,ITG19,siracusa,-0.19314142982050414
1227,2022_09_25,camera,ITG2D,sassari,-0.0760893649074289
1228,2022_09_25,camera,ITG2E,nuoro,-0.10365054776409469
1229,2022_09_25,camera,ITG2F,cagliari,-0.06399287535164733
1230,2022_09_25,camera,ITG2G,oristano,-0.030262734535048255
1231,2022_09_25,camera,ITG2H,sud sardegna,-0.06351160239973186
1232,2022_09_25,camera,ITH10,bolzano,0.02913583668072653
1233,2022_09_25,camera,ITH20,trento,0.0981902018855772
1234,2022_09_25,camera,ITH31,verona,0.12121477528581037
1235,2022_09_25,camera,ITH32,vicenza,0.12826882983461452
1236,2022_09_25,camera,ITH33,belluno,0.13445588382867718
1237,2022_09_25,camera,ITH34,treviso,0.13112052553469492
1238,2022_09_25,camera,ITH35,venezia,0.10062836936014252
1239,2022_09_25,camera,ITH36,padova,0.11772102764184032
1240,2022_09_25,camera,ITH37,rovigo,0.11786622093683444
1241,2022_09_25,camera,ITH41,pordenone,0.1161516466532583
1242,2022_09_25,camera,ITH42,udine,0.11216667256314082
1243,2022_09_25,camera,ITH43,gorizia,0.06629637545499217
1244,2022_09_25,camera,ITH44,trieste,0.07573917934679543
1245,2022_09_25,camera,ITH51,piacenza,0.1017559148757122
1246,2022_09_25,camera,ITH52,parma,0.06751231004029512
1247,2022_09_25,camera,ITH53,reggio nellemilia,0.04198444176264495
1248,2022_09_25,camera,ITH54,modena,0.06085987208974847
1249,2022_09_25,camera,ITH55,bologna,0.05689081879314884
1250,2022_09_25,camera,ITH56,ferrara,0.09357355708239025
1251,2022_09_25,camera,ITH57,ravenna,0.07040446244835216
1252,2022_09_25,camera,ITH58,forlicesena,0.07223340380343128
1253,2022_09_25,camera,ITH59,rimini,0.07961366743453888
1254,2022_09_25,camera,ITI11,massacarrara,0.029604869807419464
1255,2022_09_25,camera,ITI12,lucca,0.06417242841026362
1256,2022_09_25,camera,ITI13,pistoia,0.06988294196505711
1257,2022_09_25,camera,ITI14,firenze,0.04928788283709971
1258,2022_09_25,camera,ITI15,prato,0.06864683118656026
1259,2022_09_25,camera,ITI16,livorno,0.015728280964529006
1260,2022_09_25,camera,ITI17,pisa,0.052171261583523185
1261,2022_09_25,camera,ITI18,arezzo,0.07555016859059308
1262,2022_09_25,camera,ITI19,siena,0.06815083093677578
1263,2022_09_25,camera,ITI1A,grosseto,0.07283398533784906
1264,2022_09_25,camera,ITI21,perugia,0.0505529515969288
1265,2022_09_25,camera,ITI22,terni,0.045416869989983025
1266,2022_09_25,camera,ITI31,pesaro e urbino,0.03937788172611255
1267,2022_09_25,camera,ITI32,ancona,0.026922031780570867
1268,2022_09_25,camera,ITI33,macerata,0.05405049107788896
1269,2022_09_25,camera,ITI34,ascoli piceno,0.0035659321225152284
1270,2022_09_25,camera,ITI35,fermo,0.05053417356447868
1271,2022_09_25,camera,ITI41,viterbo,0.06630546204260553
1272,2022_09_25,camera,ITI42,rieti,0.056822673638680155
1273,2022_09_25,camera,ITI43,roma,0.029785345682666872
1274,2022_09_25,camera,ITI44,latina,0.003672306349813597
1275,2022_09_25,camera,ITI45,frosinone,-0.00620351032902241
1276,2024_06_09,european,ITC11,torino,0.009357903793875707
1277,2024_06_09,european,ITC12,vercelli,0.03684750187604396
1278,2024_06_09,european,ITC13,biella,0.04296458473076334
1279,2024_06_09,european,ITC14,verbanocusioossola,0.0352599357874511
1280,2024_06_09,european,ITC15,novara,0.035017556347808315
1281,2024_06_09,european,ITC16,cuneo,0.02906075774166331
1282,2024_06_09,european,ITC17,asti,0.005028309114094705
1283,2024_06_09,european,ITC18,alessandria,0.01833000219466178
1284,2024_06_09,european,ITC20,valle daosta,-0.0013019417339058385
1285,2024_06_09,european,ITC31,imperia,0.013236245568514106
1286,2024_06_09,european,ITC32,savona,0.014159834988555955
1287,2024_06_09,european,ITC33,genova,0.009475400999430356
1288,2024_06_09,european,ITC34,la spezia,0.028706093804160105
1289,2024_06_09,european,ITC41,varese,0.025419874941020902
1290,2024_06_09,european,ITC42,como,0.028274768601362396
1291,2024_06_09,european,ITC43,lecco,0.05168061078069468
1292,2024_06_09,european,ITC44,sondrio,0.04112343152114147
1293,2024_06_09,european,ITC46,bergamo,0.07401400208843138
1294,2024_06_09,european,ITC47,brescia,0.05837241937242514
1295,2024_06_09,european,ITC48,pavia,0.020413777432468805
1296,2024_06_09,european,ITC49,lodi,0.04569314846641694
1297,2024_06_09,european,ITC4A,cremona,0.04790915354284115
1298,2024_06_09,european,ITC4B,mantova,0.06070848923299453
1299,2024_06_09,european,ITC4C,milano,0.029822252828586436
1300,2024_06_09,european,ITC4D,monza e della brianza,0.026062732636574257
1301,2024_06_09,european,ITF11,laquila,0.024868427566346503
1302,2024_06_09,european,ITF12,teramo,-0.021797957595994257
1303,2024_06_09,european,ITF13,pescara,-0.007647156752094245
1304,2024_06_09,european,ITF14,chieti,0.00529651357198471
1305,2024_06_09,european,ITF21,isernia,-0.04008148082908037
1306,2024_06_09,european,ITF22,campobasso,-0.03587429747911762
1307,2024_06_09,european,ITF31,caserta,-0.12839974788399264
1308,2024_06_09,european,ITF32,benevento,-0.13248018866951672
1309,2024_06_09,european,ITF33,napoli,-0.12103297984430944
1310,2024_06_09,european,ITF34,avellino,-0.10435293313979638
1311,2024_06_09,european,ITF35,salerno,-0.039382836250161306
1312,2024_06_09,european,ITF43,taranto,0.0018658449639592095
1313,2024_06_09,european,ITF44,brindisi,-0.016915001155070233
1314,2024_06_09,european,ITF45,lecce,0.04517129916716008
1315,2024_06_09,european,ITF46,foggia,-0.08890903201745522
1316,2024_06_09,european,ITF47,bari,0.09270240472195086
1317,2024_06_09,european,ITF48,barlettaandriatrani,0.051299653173167384
1318,2024_06_09,european,ITF51,potenza,-0.046844854888129825
1319,2024_06_09,european,ITF52,matera,0.029367525860348388
1320,2024_06_09,european,ITF61,cosenza,-0.1698232966390383
1321,2024_06_09,european,ITF62,crotone,-0.16935426176079024
1322,2024_06_09,european,ITF63,catanzaro,-0.0938445828551627
1323,2024_06_09,european,ITF64,vibo valentia,-0.08808972928672035
1324,2024_06_09,european,ITF65,reggio calabria,-0.15475686729056748
1325,2024_06_09,european,ITG11,trapani,-0.15135778034491437
1326,2024_06_09,european,ITG12,palermo,-0.209000776958624
1327,2024_06_09,european,ITG13,messina,-0.19776174425567844
1328,2024_06_09,european,ITG14,agrigento,-0.2694026234005332
1329,2024_06_09,european,ITG15,caltanissetta,-0.23374948367903334
1330,2024_06_09,european,ITG16,enna,-0.1613289844713733
1331,2024_06_09,european,ITG17,catania,-0.18650040494732262
1332,2024_06_09,european,ITG18,ragusa,-0.12941811981686024
1333,2024_06_09,european,ITG19,siracusa,-0.17482741515920808
1334,2024_06_09,european,ITG2D,sassari,-0.05394067778451643
1335,2024_06_09,european,ITG2E,nuoro,-0.062432826323640424
1336,2024_06_09,european,ITG2F,cagliari,-0.04112233334439427
1337,2024_06_09,european,ITG2G,oristano,-0.03657529559486165
1338,2024_06_09,european,ITG2H,sud sardegna,-0.0244729049896022
1339,2024_06_09,european,ITH10,bolzano,-0.12459486537717787
1340,2024_06_09,european,ITH20,trento,0.046133864212897134
1341,2024_06_09,european,ITH31,verona,0.04084239817798562
1342,2024_06_09,european,ITH32,vicenza,0.07312271685935051
1343,2024_06_09,european,ITH33,belluno,0.06208957444626462
1344,2024_06_09,european,ITH34,treviso,0.05996008667465465
1345,2024_06_09,european,ITH35,venezia,0.06308504570446932
1346,2024_06_09,european,ITH36,padova,0.06462003075979882
1347,2024_06_09,european,ITH37,rovigo,0.07655478422816045
1348,2024_06_09,european,ITH41,pordenone,0.09438332865729256
1349,2024_06_09,european,ITH42,udine,0.055399292977803646
1350,2024_06_09,european,ITH43,gorizia,0.03430972231072246
1351,2024_06_09,european,ITH44,trieste,0.029580131494295912
1352,2024_06_09,european,ITH51,piacenza,0.06689948668739382
1353,2024_06_09,european,ITH52,parma,0.06305146291289965
1354,2024_06_09,european,ITH53,reggio nellemilia,0.08161337155017498
1355,2024_06_09,european,ITH54,modena,0.09633485186526676
1356,2024_06_09,european,ITH55,bologna,0.09602093230609905
1357,2024_06_09,european,ITH56,ferrara,0.09501569072925359
1358,2024_06_09,european,ITH57,ravenna,0.09688100030347051
1359,2024_06_09,european,ITH58,forlicesena,0.09813334748814057
1360,2024_06_09,european,ITH59,rimini,0.08787243383701046
1361,2024_06_09,european,ITI11,massacarrara,-0.03729282335473927
1362,2024_06_09,european,ITI12,lucca,0.04883897373333841
1363,2024_06_09,european,ITI13,pistoia,0.058966908683955516
1364,2024_06_09,european,ITI14,firenze,0.0646337404577901
1365,2024_06_09,european,ITI15,prato,0.08310514944886664
1366,2024_06_09,european,ITI16,livorno,0.04957913560626619
1367,2024_06_09,european,ITI17,pisa,0.06673951409286005
1368,2024_06_09,european,ITI18,arezzo,0.07107429018576122
1369,2024_06_09,european,ITI19,siena,0.08518127788213639
1370,2024_06_09,european,ITI1A,grosseto,0.07183843238010933
1371,2024_06_09,european,ITI21,perugia,0.052408187723026786
1372,2024_06_09,european,ITI22,terni,0.03721737043125439
1373,2024_06_09,european,ITI31,pesaro e urbino,0.06839129660987465
1374,2024_06_09,european,ITI32,ancona,0.05026011618556234
1375,2024_06_09,european,ITI33,macerata,0.04527824228491868
1376,2024_06_09,european,ITI34,ascoli piceno,0.0487753842481593
1377,2024_06_09,european,ITI35,fermo,0.030315052713727062
1378,2024_06_09,european,ITI41,viterbo,0.06899162061666585
1379,2024_06_09,european,ITI42,rieti,0.04117981804364556
1380,2024_06_09,european,ITI43,roma,0.04622044177346888
1381,2024_06_09,european,ITI44,latina,-0.03728879553603439
1382,2024_06_09,european,ITI45,frosinone,-0.01645196329227027
