year,election_date,election_type,region_code,reigion_name,vote_share,wage_index,civil_marriage_share
2004,2004_06_12,european,ITC11,Torino,0.38645302880595883,0.7524314940825361,0.42638369709393464
2004,2004_06_12,european,ITC12,Vercelli,0.46310627109478436,0.9316213768872134,0.4270650263620387
2004,2004_06_12,european,ITC13,Biella,0.47118685523109044,0.9827751715511535,0.4268104776579353
2004,2004_06_12,european,ITC14,Verbano-Cusio-Ossola,0.5129532583889781,0.8735212026383163,0.41847826086956524
2004,2004_06_12,european,ITC15,Novara,0.4902852194620339,0.968500165261727,0.40332640332640335
2004,2004_06_12,european,ITC16,Cuneo,0.5462406941142972,0.8206530645156132,0.3249128919860627
2004,2004_06_12,european,ITC17,Asti,0.5118721423157965,0.9431193602676357,0.4293785310734463
2004,2004_06_12,european,ITC18,Alessandria,0.4570220539025408,0.9495667973653369,0.4444444444444444
2004,2004_06_12,european,ITC20,Valle d'Aosta/Vallée d'Aoste,0.27264011930335363,0.9259463911918108,0.4560669456066946
2004,2004_06_12,european,ITC31,Imperia,0.5382549559152846,0.7977149188526718,0.4837451235370611
2004,2004_06_12,european,ITC32,Savona,0.42745724270406626,0.8498418719294165,0.46306306306306305
2004,2004_06_12,european,ITC33,Genova,0.34999172118491023,1.0364840650275913,0.4950578932504942
2004,2004_06_12,european,ITC34,La Spezia,0.35885716842003235,0.8814277681240694,0.47167630057803467
2004,2004_06_12,european,ITC41,Varese,0.5435543949360387,0.9252297097987917,0.373125
2004,2004_06_12,european,ITC42,Como,0.5734737409070182,0.99060178411775,0.336145648312611
2004,2004_06_12,european,ITC43,Lecco,0.5219451593795703,1.0589702204972413,0.3122648607975922
2004,2004_06_12,european,ITC44,Sondrio,0.6050421848134672,0.9577444933861271,0.2643524699599466
2004,2004_06_12,european,ITC46,Bergamo,0.5690369838532808,1.0165871053206434,0.33755274261603374
2004,2004_06_12,european,ITC47,Brescia,0.545176130312571,0.9875119033733545,0.3546332894158981
2004,2004_06_12,european,ITC48,Pavia,0.4866545535809714,0.9232022727697864,0.4182590233545648
2004,2004_06_12,european,ITC49,Lodi,0.4838409821221082,1.0842802908337827,0.4002642007926024
2004,2004_06_12,european,ITC4A,Cremona,0.4868092209781521,0.9959443679407334,0.3610223642172524
2004,2004_06_12,european,ITC4B,Mantova,0.4245443321675464,0.9996206923463594,0.3931185944363104
2004,2004_06_12,european,ITC4C,Milano,0.4636699734474111,1.1941498143656046,0.47266503667481663
2004,2004_06_12,european,ITC4D,Monza e della Brianza,0.5112231644243013,1.120657923510607,0.34686586554076
2004,2004_06_12,european,ITF11,L'Aquila,0.4865372573575454,0.8695796851582905,0.2514124293785311
2004,2004_06_12,european,ITF12,Teramo,0.4143711327078136,0.9729327742606151,0.23665893271461716
2004,2004_06_12,european,ITF13,Pescara,0.4148156172318639,0.8218798363331559,0.2652388797364086
2004,2004_06_12,european,ITF14,Chieti,0.4416134490475411,0.9061922820411784,0.20218228498074453
2004,2004_06_12,european,ITF21,Isernia,0.5935590681540462,0.8510124850604239,0.20334261838440112
2004,2004_06_12,european,ITF22,Campobasso,0.445959635315203,0.7950146016077252,0.19405940594059407
2004,2004_06_12,european,ITF31,Caserta,0.46877861721611724,0.8131950858142311,0.14912470283120813
2004,2004_06_12,european,ITF32,Benevento,0.4097037793667007,0.7261300958925896,0.1402439024390244
2004,2004_06_12,european,ITF34,Avellino,0.40121030098810045,0.8251837588909723,0.13726487036095578
2004,2004_06_12,european,ITF35,Salerno,0.43150091623680104,0.7911950498645607,0.1844380403458213
2004,2004_06_12,european,ITF43,Taranto,0.4655775195836181,0.8071658658402585,0.16075085324232083
2004,2004_06_12,european,ITF44,Brindisi,0.45178243555809905,0.7456340344145692,0.19207813347802496
2004,2004_06_12,european,ITF45,Lecce,0.44863910248266964,0.7148994821788872,0.15975381321915974
2004,2004_06_12,european,ITF46,Foggia,0.4276010033691878,0.9100305501056642,0.13814369411039162
2004,2004_06_12,european,ITF47,Bari,0.4455950649129911,0.8306606430063976,0.17206515633776445
2004,2004_06_12,european,ITF48,Barletta-Andria-Trani,0.4245015861845876,0.7774206598218751,0.09630911188004614
2004,2004_06_12,european,ITF51,Potenza,0.32847092732243144,0.8228607403345592,0.12453066332916145
2004,2004_06_12,european,ITF52,Matera,0.3731739834301495,0.8151808489591241,0.11189516129032258
2004,2004_06_12,european,ITF61,Cosenza,0.37095381903490465,0.9847077769213157,0.1417027417027417
2004,2004_06_12,european,ITF62,Crotone,0.37279608931919034,0.8101909309471887,0.1181026137463698
2004,2004_06_12,european,ITF63,Catanzaro,0.408121185919287,0.8452067396765969,0.18545697131420946
2004,2004_06_12,european,ITF65,Reggio Calabria,0.3931160332242638,0.7658742556476522,0.14038461538461539
2004,2004_06_12,european,ITG11,Trapani,0.491672876907624,0.8584676333400835,0.10531220876048462
2004,2004_06_12,european,ITG12,Palermo,0.4950929205019677,0.902580285772177,0.19956683168316833
2004,2004_06_12,european,ITG13,Messina,0.5347553912828455,0.7731663794021417,0.3980952380952381
2004,2004_06_12,european,ITG14,Agrigento,0.4571708172356497,0.7813765887532069,0.139087656529517
2004,2004_06_12,european,ITG15,Caltanissetta,0.4344765062848649,0.8282381915862618,0.15880398671096346
2004,2004_06_12,european,ITG17,Catania,0.5569528141450135,0.7921266691219083,0.2610300904559719
2004,2004_06_12,european,ITG18,Ragusa,0.4830407103232902,0.7268596749736647,0.1702827087442472
2004,2004_06_12,european,ITG19,Siracusa,0.42357166000648017,0.8539796662270992,0.2625197680548234
2004,2004_06_12,european,ITG2D,Sassari,0.3853926163872652,0.8671670409754904,0.31781084973595775
2004,2004_06_12,european,ITG2E,Nuoro,0.353523991494345,0.777029418132488,0.22647702407002188
2004,2004_06_12,european,ITG2F,Cagliari,0.4534534140863288,0.856347742884988,0.35902964959568734
2004,2004_06_12,european,ITG2G,Oristano,0.44306045821435797,0.7433279546309814,0.3236196319018405
2004,2004_06_12,european,ITG2H,Sud Sardegna,0.4238419975869485,0.8851971241751246,0.26250856751199453
2004,2004_06_12,european,ITH10,Bolzano/Bozen,0.1534223396132973,1.0512729463942547,0.5822102425876011
2004,2004_06_12,european,ITH20,Trento,0.40564484138909257,1.1173690375635217,0.4004388370817334
2004,2004_06_12,european,ITH31,Verona,0.5687371691223225,0.7989811722940422,0.3901850362027353
2004,2004_06_12,european,ITH32,Vicenza,0.5730162459859099,1.0064836865789129,0.32761966364812417
2004,2004_06_12,european,ITH33,Belluno,0.5019960584162919,0.8980239755341062,0.36779911373707536
2004,2004_06_12,european,ITH34,Treviso,0.5714581789406252,0.9364786656903787,0.336269744835966
2004,2004_06_12,european,ITH35,Venezia,0.43178483295663744,0.9859007937738348,0.4890661178286596
2004,2004_06_12,european,ITH36,Padova,0.5238025052553618,1.0002980322392132,0.3370433789954338
2004,2004_06_12,european,ITH37,Rovigo,0.44705232324914285,0.8305642660438193,0.3707201889020071
2004,2004_06_12,european,ITH41,Pordenone,0.5340038854793576,0.9834251984653808,0.47622759158222916
2004,2004_06_12,european,ITH42,Udine,0.49321892192027367,1.037617010413341,0.48964745383324004
2004,2004_06_12,european,ITH43,Gorizia,0.3626741343712177,0.9315245142818133,0.5882352941176471
2004,2004_06_12,european,ITH44,Trieste,0.4136920639217778,0.9636666305202461,0.577354260089686
2004,2004_06_12,european,ITH51,Piacenza,0.46877466995396966,0.9707035555269716,0.3741935483870968
2004,2004_06_12,european,ITH52,Parma,0.3975674436225151,1.0935439716114066,0.4334908845374747
2004,2004_06_12,european,ITH53,Reggio nell'Emilia,0.2896239881757924,1.0304703741552794,0.41952165481577247
2004,2004_06_12,european,ITH54,Modena,0.33255503751352977,1.0651941197033596,0.4268402154398564
2004,2004_06_12,european,ITH56,Ferrara,0.3717584324772996,0.9024177819421599,0.4696969696969697
2004,2004_06_12,european,ITH57,Ravenna,0.2866912074961079,0.918171403243024,0.494488188976378
2004,2004_06_12,european,ITH58,Forlì-Cesena,0.34292080977106937,0.7692711742522281,0.40238704177323104
2004,2004_06_12,european,ITH59,Rimini,0.37339849849207535,0.8403999779949439,0.42743362831858406
2004,2004_06_12,european,ITI11,Massa-Carrara,0.34821413261544265,0.8469396761423801,0.39768339768339767
2004,2004_06_12,european,ITI12,Lucca,0.42974734194581,0.9111248324707095,0.3965071151358344
2004,2004_06_12,european,ITI13,Pistoia,0.35433959560009076,0.8770363251747433,0.4113655640373198
2004,2004_06_12,european,ITI14,Firenze,0.25034117363731234,0.7991323130279703,0.4877626699629172
2004,2004_06_12,european,ITI15,Prato,0.3475143751364728,0.9370056748793153,0.4096662830840046
2004,2004_06_12,european,ITI16,Livorno,0.27499261349014975,0.8841733340532184,0.5116279069767442
2004,2004_06_12,european,ITI17,Pisa,0.3157955420491091,0.9569867083172648,0.37992610837438423
2004,2004_06_12,european,ITI18,Arezzo,0.36746386308163753,0.8754250510160321,0.36045627376425854
2004,2004_06_12,european,ITI19,Siena,0.27380828460337386,1.1394229404180256,0.49571984435797667
2004,2004_06_12,european,ITI1A,Grosseto,0.39106492124150877,0.796923429339475,0.4619750283768445
2004,2004_06_12,european,ITI21,Perugia,0.36426079659702026,0.8552944553881093,0.31487286659700453
2004,2004_06_12,european,ITI22,Terni,0.3597223028263014,1.0804351794919531,0.29411764705882354
2004,2004_06_12,european,ITI31,Pesaro e Urbino,0.3644728793960202,0.8686611429650153,0.3522058823529412
2004,2004_06_12,european,ITI32,Ancona,0.32546460062806937,0.9209681864813114,0.31802525832376577
2004,2004_06_12,european,ITI33,Macerata,0.4447620181810964,0.8226155484226948,0.2761133603238866
2004,2004_06_12,european,ITI34,Ascoli Piceno,0.42677284419351924,0.8086069662230454,0.21843434343434343
2004,2004_06_12,european,ITI35,Fermo,0.4284827705486769,1.0214142975630915,0.23809523809523808
2004,2004_06_12,european,ITI41,Viterbo,0.4721720009772783,0.7518406553201942,0.32859078590785906
2004,2004_06_12,european,ITI42,Rieti,0.45853792753132405,0.83669656488655,0.25177809388335703
2004,2004_06_12,european,ITI43,Roma,0.39660407041235507,1.2066142209201731,0.38833812401008977
2004,2004_06_12,european,ITI44,Latina,0.5632134775809018,0.8973222703373955,0.27851580393953274
2004,2004_06_12,european,ITI45,Frosinone,0.5287870162436654,0.8401822106134784,0.17305848513902206
2006,2006_04_09,camera,ITC11,Torino,0.42388317726059055,0.7402122499242063,0.44799506477483036
2006,2006_04_09,camera,ITC12,Vercelli,0.5306636402044519,0.9367426037748733,0.47007042253521125
2006,2006_04_09,camera,ITC13,Biella,0.522774689967119,0.9839207352317692,0.4885844748858447
2006,2006_04_09,camera,ITC14,Verbano-Cusio-Ossola,0.551267074460746,0.8686502334964076,0.423956931359354
2006,2006_04_09,camera,ITC15,Novara,0.5363410415302198,0.753760767714135,0.4661076170510133
2006,2006_04_09,camera,ITC16,Cuneo,0.5689863724993228,0.9947151660996427,0.34715261958997723
2006,2006_04_09,camera,ITC17,Asti,0.5367341180556058,0.9322231034450629,0.40993071593533487
2006,2006_04_09,camera,ITC18,Alessandria,0.49997247397069855,0.963201898603329,0.45977011494252873
2006,2006_04_09,camera,ITC31,Imperia,0.5914571602768712,0.8557579204098612,0.5264452644526445
2006,2006_04_09,camera,ITC32,Savona,0.4825015634771732,0.8555504247335733,0.5088424437299035
2006,2006_04_09,camera,ITC33,Genova,0.4094817816306391,0.9396401458333756,0.5034110289937465
2006,2006_04_09,camera,ITC34,La Spezia,0.41472118959107807,0.8561467137078149,0.47690763052208834
2006,2006_04_09,camera,ITC41,Varese,0.5848586261713669,0.9359021204993615,0.4016471333544504
2006,2006_04_09,camera,ITC42,Como,0.614892779598018,1.0029013133973008,0.3962510897994769
2006,2006_04_09,camera,ITC43,Lecco,0.5524405991154544,0.7086327278978924,0.3373313343328336
2006,2006_04_09,camera,ITC44,Sondrio,0.6285522209680632,0.890548475053717,0.30985915492957744
2006,2006_04_09,camera,ITC46,Bergamo,0.5997257146139541,1.0292913511745467,0.3916967509025271
2006,2006_04_09,camera,ITC47,Brescia,0.5797807799634209,0.9983376920066528,0.4159468438538206
2006,2006_04_09,camera,ITC48,Pavia,0.5369081975982993,0.830886345389339,0.47212089630015636
2006,2006_04_09,camera,ITC49,Lodi,0.5317484158976115,0.8943702944538574,0.4132791327913279
2006,2006_04_09,camera,ITC4A,Cremona,0.5359038895880387,0.9949567101494085,0.4175136825645035
2006,2006_04_09,camera,ITC4B,Mantova,0.47018763134760283,1.0734377984440422,0.417910447761194
2006,2006_04_09,camera,ITC4C,Milano,0.5051686464154624,1.0133641020831627,0.5113702062054346
2006,2006_04_09,camera,ITC4D,Monza e della Brianza,0.5624144790393381,0.8266746983944488,0.4026058631921824
2006,2006_04_09,camera,ITF11,L'Aquila,0.47636461126005364,0.8642642023311885,0.24608695652173912
2006,2006_04_09,camera,ITF12,Teramo,0.4234848715528354,0.9811009708555042,0.2671451355661882
2006,2006_04_09,camera,ITF13,Pescara,0.4447607178706339,0.8593122614358405,0.28
2006,2006_04_09,camera,ITF14,Chieti,0.4333194196061011,0.9183412883504618,0.2748904195366312
2006,2006_04_09,camera,ITF21,Isernia,0.5189755348710674,0.8026455952647918,0.1875
2006,2006_04_09,camera,ITF22,Campobasso,0.42965465266943437,0.790136157402161,0.20638297872340425
2006,2006_04_09,camera,ITF31,Caserta,0.4798908972167265,0.8055848378575187,0.1555294117647059
2006,2006_04_09,camera,ITF32,Benevento,0.44382417889437514,0.7222954146663045,0.1425287356321839
2006,2006_04_09,camera,ITF34,Avellino,0.37467047411507903,0.8246748130757573,0.1625883632408918
2006,2006_04_09,camera,ITF35,Salerno,0.4922348819779535,1.1569522312360376,0.20674311141536883
2006,2006_04_09,camera,ITF43,Taranto,0.48656811447509124,0.8174269729467002,0.16172214182344427
2006,2006_04_09,camera,ITF44,Brindisi,0.4850940480289551,0.7475330187506243,0.1702127659574468
2006,2006_04_09,camera,ITF45,Lecce,0.48052333174259965,0.8885553892536194,0.16864742501414828
2006,2006_04_09,camera,ITF46,Foggia,0.45816071800847796,0.8020242798853826,0.15509938090583253
2006,2006_04_09,camera,ITF47,Bari,0.5062013136779735,0.8310606892771824,0.16678818811520232
2006,2006_04_09,camera,ITF48,Barletta-Andria-Trani,0.5106263835297618,0.7566369560521287,0.12775579423403052
2006,2006_04_09,camera,ITF51,Potenza,0.3600916069383774,0.9299872714223307,0.13436385255648037
2006,2006_04_09,camera,ITF52,Matera,0.3986396841381736,0.8951296717599725,0.11067580803134182
2006,2006_04_09,camera,ITF61,Cosenza,0.38492352598607504,0.7954286847666647,0.14654161781946073
2006,2006_04_09,camera,ITF62,Crotone,0.3378538948426753,1.071287976794739,0.14528101802757157
2006,2006_04_09,camera,ITF63,Catanzaro,0.4152186797369634,0.7689391404614886,0.17505315379163713
2006,2006_04_09,camera,ITF65,Reggio Calabria,0.4364571717129211,1.0455207430201976,0.12334468407113129
2006,2006_04_09,camera,ITG11,Trapani,0.504729394790613,0.8592622065473274,0.11965811965811966
2006,2006_04_09,camera,ITG12,Palermo,0.5584133035918232,0.9803755598252338,0.2150031387319523
2006,2006_04_09,camera,ITG13,Messina,0.5920279111240138,1.1895717902860585,0.22225902616760518
2006,2006_04_09,camera,ITG14,Agrigento,0.48554384040141657,0.763825795730478,0.13107511045655376
2006,2006_04_09,camera,ITG15,Caltanissetta,0.468010505750993,0.8083514884727016,0.16319194823867722
2006,2006_04_09,camera,ITG16,Enna,0.4341701113043116,0.7444326840156998,0.16831683168316833
2006,2006_04_09,camera,ITG17,Catania,0.603137366638174,0.8353880279932969,0.26410306461057975
2006,2006_04_09,camera,ITG18,Ragusa,0.5302318286965727,0.8401010509608443,0.1963707064160726
2006,2006_04_09,camera,ITG19,Siracusa,0.4755840030716336,0.857001666238143,0.29069134458356016
2006,2006_04_09,camera,ITG2D,Sassari,0.4605914901132736,0.8317148604145322,0.34173669467787116
2006,2006_04_09,camera,ITG2E,Nuoro,0.346712585004283,0.7423616469145075,0.2748603351955307
2006,2006_04_09,camera,ITG2F,Cagliari,0.47567895032359114,0.8648928318319431,0.3817966903073286
2006,2006_04_09,camera,ITG2G,Oristano,0.48693643384212987,0.9228902753896283,0.34108527131782945
2006,2006_04_09,camera,ITG2H,Sud Sardegna,0.41469304376346905,0.8772044932912464,0.29752650176678447
2006,2006_04_09,camera,ITH10,Bolzano/Bozen,0.19191295426110505,1.05251138237824,0.5950759559979046
2006,2006_04_09,camera,ITH20,Trento,0.4817432878401412,1.1179391013479856,0.4367191743617599
2006,2006_04_09,camera,ITH31,Verona,0.6037902081883298,0.8034969604625589,0.4641943734015345
2006,2006_04_09,camera,ITH32,Vicenza,0.5792504106094817,1.0158810438428247,0.3542615484710475
2006,2006_04_09,camera,ITH33,Belluno,0.5101793557041172,0.925932117673521,0.4220314735336195
2006,2006_04_09,camera,ITH34,Treviso,0.5636504920184475,0.9477524159620202,0.3577262332571055
2006,2006_04_09,camera,ITH35,Venezia,0.47345951755433485,1.0015548036296886,0.5144754316069057
2006,2006_04_09,camera,ITH36,Padova,0.5375462855914623,0.8213372738248683,0.34968263127524524
2006,2006_04_09,camera,ITH37,Rovigo,0.4703286426139436,0.7857768745007927,0.4002509410288582
2006,2006_04_09,camera,ITH41,Pordenone,0.5812262067020727,0.9229804772486608,0.4739057239057239
2006,2006_04_09,camera,ITH42,Udine,0.5507121941396756,1.0516441501096387,0.4922458357265939
2006,2006_04_09,camera,ITH43,Gorizia,0.37803304615640737,0.7970767212721305,0.5154440154440154
2006,2006_04_09,camera,ITH44,Trieste,0.4975415534348733,0.9811654567898924,0.5930232558139535
2006,2006_04_09,camera,ITH51,Piacenza,0.5138507399127009,1.010625314476425,0.4102127659574468
2006,2006_04_09,camera,ITH52,Parma,0.4421062658091646,0.8795683223958126,0.4690444145356662
2006,2006_04_09,camera,ITH53,Reggio nell'Emilia,0.32843021825926333,0.7159659021687644,0.4472049689440994
2006,2006_04_09,camera,ITH54,Modena,0.373511365358887,0.8484627519732513,0.45157068062827227
2006,2006_04_09,camera,ITH55,Bologna,0.35084926856936827,1.0601581144954566,0.5409783989834815
2006,2006_04_09,camera,ITH56,Ferrara,0.4199443542777649,0.9261239100284773,0.5268630849220104
2006,2006_04_09,camera,ITH57,Ravenna,0.3447448177378068,0.7751593843202136,0.5193199381761978
2006,2006_04_09,camera,ITH58,Forlì-Cesena,0.4036629604506444,0.913400889490457,0.43879173290937995
2006,2006_04_09,camera,ITH59,Rimini,0.42987000797784974,0.8393832162557466,0.44906621392190155
2006,2006_04_09,camera,ITI11,Massa-Carrara,0.37923546014243725,0.811874728913442,0.4106628242074928
2006,2006_04_09,camera,ITI12,Lucca,0.4699204792062568,1.1205473620542732,0.43967661691542287
2006,2006_04_09,camera,ITI13,Pistoia,0.3987746252205726,0.8866184896038992,0.42209631728045327
2006,2006_04_09,camera,ITI14,Firenze,0.315383853663367,1.0307422352990696,0.5057043650793651
2006,2006_04_09,camera,ITI15,Prato,0.38678266120661997,1.0963597416841186,0.42716319824753557
2006,2006_04_09,camera,ITI16,Livorno,0.315328179004439,1.0787751483951862,0.5461847389558233
2006,2006_04_09,camera,ITI17,Pisa,0.3545061200434117,1.0070048514438905,0.39858793324775355
2006,2006_04_09,camera,ITI18,Arezzo,0.39621174272867477,0.8821226026270133,0.3696829079659706
2006,2006_04_09,camera,ITI19,Siena,0.31145113792859436,0.971590181799648,0.5475852272727273
2006,2006_04_09,camera,ITI1A,Grosseto,0.42366252800243004,0.7837307643048127,0.5
2006,2006_04_09,camera,ITI21,Perugia,0.4054975378832933,0.9497642635633897,0.32341340982430977
2006,2006_04_09,camera,ITI22,Terni,0.3970217596244493,1.098951704418229,0.3617886178861789
2006,2006_04_09,camera,ITI31,Pesaro e Urbino,0.4046224949137337,0.9290809430568951,0.36442687747035574
2006,2006_04_09,camera,ITI32,Ancona,0.3766000859795574,0.9287966831551011,0.3420647149460709
2006,2006_04_09,camera,ITI33,Macerata,0.4746929607048047,0.7755510312979254,0.2661710037174721
2006,2006_04_09,camera,ITI34,Ascoli Piceno,0.45539388071814,0.8196391900417663,0.21319199057714958
2006,2006_04_09,camera,ITI35,Fermo,0.46723109049129335,0.8294872051172689,0.2565359477124183
2006,2006_04_09,camera,ITI41,Viterbo,0.49636736258691116,0.7444315529557418,0.33265444670739985
2006,2006_04_09,camera,ITI42,Rieti,0.4636575287363327,1.2036232133820008,0.3182552504038772
2006,2006_04_09,camera,ITI43,Roma,0.44896890880898216,0.8346167926283328,0.41779681180109446
2006,2006_04_09,camera,ITI44,Latina,0.5876735209488385,0.9317432636934274,0.2730419731717871
2006,2006_04_09,camera,ITI45,Frosinone,0.4842570499375886,1.0510058911581344,0.21050119331742242
2008,2008_04_13,camera,ITC11,Torino,0.4110514654014231,0.7163827001720084,0.48356573705179284
2008,2008_04_13,camera,ITC12,Vercelli,0.48439603475706766,0.9451845962416462,0.498371335504886
2008,2008_04_13,camera,ITC13,Biella,0.47737560741274504,0.9955051615444945,0.49246231155778897
2008,2008_04_13,camera,ITC14,Verbano-Cusio-Ossola,0.5403108978639899,0.8904993448156534,0.4836173001310616
2008,2008_04_13,camera,ITC15,Novara,0.5199756821848621,0.7479585947313699,0.4854060913705584
2008,2008_04_13,camera,ITC16,Cuneo,0.5054101552659733,1.0054583942040765,0.38806639748766264
2008,2008_04_13,camera,ITC17,Asti,0.48388737153777384,0.9363287047860259,0.443701226309922
2008,2008_04_13,camera,ITC18,Alessandria,0.471612083459235,0.966855863894244,0.535483870967742
2008,2008_04_13,camera,ITC31,Imperia,0.5694456271821511,0.8465670847869027,0.5638820638820639
2008,2008_04_13,camera,ITC32,Savona,0.48128036737381047,0.8495978906881767,0.5293023255813953
2008,2008_04_13,camera,ITC33,Genova,0.3987791404264722,0.9468786455610965,0.567614625652931
2008,2008_04_13,camera,ITC34,La Spezia,0.39729968243820746,0.8372911007760857,0.527292576419214
2008,2008_04_13,camera,ITC41,Varese,0.5933241798817345,0.948659928804727,0.42728960396039606
2008,2008_04_13,camera,ITC42,Como,0.6152736979780871,1.016099748827712,0.4465464144302684
2008,2008_04_13,camera,ITC43,Lecco,0.5568511773693953,0.6882403095018351,0.350253807106599
2008,2008_04_13,camera,ITC44,Sondrio,0.6385170625910739,0.8998794141999986,0.3057228915662651
2008,2008_04_13,camera,ITC46,Bergamo,0.6017776975000947,1.0555039867312785,0.4044536509580528
2008,2008_04_13,camera,ITC47,Brescia,0.5718131330477666,1.0083610781586672,0.43057440072365444
2008,2008_04_13,camera,ITC48,Pavia,0.5451451380102995,0.81866378607002,0.5005219206680585
2008,2008_04_13,camera,ITC49,Lodi,0.5369804676919373,0.8503966330026197,0.4891994917407878
2008,2008_04_13,camera,ITC4A,Cremona,0.5331961980422755,1.015661560918355,0.46352941176470586
2008,2008_04_13,camera,ITC4B,Mantova,0.45787578647768096,1.087856020902941,0.47918188458729
2008,2008_04_13,camera,ITC4C,Milano,0.5073014921313866,1.0241074798978007,0.5514734774066797
2008,2008_04_13,camera,ITC4D,Monza e della Brianza,0.5674015112272869,0.8295656411884945,0.46057951482479786
2008,2008_04_13,camera,ITF11,L'Aquila,0.43331065349818737,0.8344741984822389,0.22568460812086874
2008,2008_04_13,camera,ITF12,Teramo,0.418482790175775,0.9883362695554107,0.27435064935064934
2008,2008_04_13,camera,ITF13,Pescara,0.46398712795073555,0.8698250484588513,0.2699905926622766
2008,2008_04_13,camera,ITF14,Chieti,0.41983712940577683,0.9223157494720856,0.249836494440811
2008,2008_04_13,camera,ITF21,Isernia,0.43984442683084185,0.7609837965027477,0.16890080428954424
2008,2008_04_13,camera,ITF22,Campobasso,0.34278144940747496,0.7739455827548362,0.18389423076923078
2008,2008_04_13,camera,ITF31,Caserta,0.5393417685130101,0.769070955719464,0.1894125530489167
2008,2008_04_13,camera,ITF32,Benevento,0.5015297730014256,0.7104614740340043,0.16730038022813687
2008,2008_04_13,camera,ITF34,Avellino,0.38592506375268854,0.7978915627425207,0.17402873869079297
2008,2008_04_13,camera,ITF35,Salerno,0.5115918837996631,1.1764157022497044,0.20350109409190373
2008,2008_04_13,camera,ITF43,Taranto,0.42724109392084963,0.8089608882512918,0.19275008713837574
2008,2008_04_13,camera,ITF44,Brindisi,0.4576799937866223,0.71959319991445,0.19183234819989253
2008,2008_04_13,camera,ITF45,Lecce,0.454009500384897,0.8909021645588878,0.19272343791194305
2008,2008_04_13,camera,ITF46,Foggia,0.43856032347162505,0.7741420490666321,0.1513819095477387
2008,2008_04_13,camera,ITF47,Bari,0.4902466090239265,0.8254946859867766,0.171796587487454
2008,2008_04_13,camera,ITF48,Barletta-Andria-Trani,0.5090153220364577,0.7186021220146858,0.13997042878265156
2008,2008_04_13,camera,ITF51,Potenza,0.36843814215406595,0.9542399517095591,0.14739688979039892
2008,2008_04_13,camera,ITF52,Matera,0.4305401804979642,0.8744291065995156,0.14285714285714285
2008,2008_04_13,camera,ITF61,Cosenza,0.39093539950374767,0.7898980338804168,0.16019565881993275
2008,2008_04_13,camera,ITF62,Crotone,0.38288056148617144,1.0882522628535105,0.11221122112211221
2008,2008_04_13,camera,ITF63,Catanzaro,0.4352243984222819,0.7422993728288384,0.1821656050955414
2008,2008_04_13,camera,ITF65,Reggio Calabria,0.44748911161253085,1.05683219258054,0.14432989690721648
2008,2008_04_13,camera,ITG11,Trapani,0.48296248200563,0.8752232552143261,0.14613880742913002
2008,2008_04_13,camera,ITG12,Palermo,0.4810371451117533,0.9921716213166023,0.23567567567567568
2008,2008_04_13,camera,ITG13,Messina,0.49255895715858056,1.2058407172466636,0.24229646448264677
2008,2008_04_13,camera,ITG14,Agrigento,0.40141288470256387,0.7487446684448009,0.13769860375541645
2008,2008_04_13,camera,ITG15,Caltanissetta,0.42190683672102486,0.7905520363778442,0.16261398176291794
2008,2008_04_13,camera,ITG16,Enna,0.3853506876745534,0.7393327816551324,0.18674698795180722
2008,2008_04_13,camera,ITG17,Catania,0.5006196627016664,0.8178663001934905,0.2862453531598513
2008,2008_04_13,camera,ITG18,Ragusa,0.43236577952671273,0.8033655115641734,0.1945392491467577
2008,2008_04_13,camera,ITG19,Siracusa,0.429197645322148,0.8553769731367195,0.28387429160226685
2008,2008_04_13,camera,ITG2D,Sassari,0.4497024086920629,0.8173695595869797,0.4013186813186813
2008,2008_04_13,camera,ITG2E,Nuoro,0.3339984670252054,0.7430655882446007,0.27566320645905423
2008,2008_04_13,camera,ITG2F,Cagliari,0.46717853460421405,0.8574483173067942,0.4462171899125064
2008,2008_04_13,camera,ITG2G,Oristano,0.4615982094494466,0.9112739979662452,0.36550632911392406
2008,2008_04_13,camera,ITG2H,Sud Sardegna,0.401687200962516,0.8806980088214404,0.3915737298636927
2008,2008_04_13,camera,ITH10,Bolzano/Bozen,0.1490480851625927,1.070582983264874,0.6033613445378151
2008,2008_04_13,camera,ITH20,Trento,0.358387131676705,1.0890639099270218,0.47750281214848145
2008,2008_04_13,camera,ITH31,Verona,0.5933181127138082,0.7865136157611013,0.49175157690441534
2008,2008_04_13,camera,ITH32,Vicenza,0.5634224594919452,1.0266468887593199,0.36998025016458197
2008,2008_04_13,camera,ITH33,Belluno,0.5194374942081365,0.9462890893599611,0.4200913242009132
2008,2008_04_13,camera,ITH34,Treviso,0.5823598294477221,0.9654906854233017,0.4093937375083278
2008,2008_04_13,camera,ITH35,Venezia,0.4856956307626476,1.0173895074482222,0.5295959021058623
2008,2008_04_13,camera,ITH36,Padova,0.524216289475587,0.8081339023981075,0.3773531089560753
2008,2008_04_13,camera,ITH37,Rovigo,0.4774092817263355,0.7722062701103466,0.43803680981595094
2008,2008_04_13,camera,ITH41,Pordenone,0.5386595339309123,0.9008734262415127,0.47750229568411384
2008,2008_04_13,camera,ITH42,Udine,0.48142054266994555,1.070781290686563,0.48863636363636365
2008,2008_04_13,camera,ITH43,Gorizia,0.3947301608327538,0.7930224491891845,0.5726681127982647
2008,2008_04_13,camera,ITH44,Trieste,0.443247659060329,0.9979594105901675,0.6412213740458015
2008,2008_04_13,camera,ITH51,Piacenza,0.4962672431083279,1.0164215773569703,0.4184457728437233
2008,2008_04_13,camera,ITH52,Parma,0.4152592592592593,0.8787169471916606,0.4993103448275862
2008,2008_04_13,camera,ITH53,Reggio nell'Emilia,0.3212571051014706,0.7046391565764861,0.5192743764172335
2008,2008_04_13,camera,ITH54,Modena,0.35292757895411403,0.8435767271088517,0.5366470092670598
2008,2008_04_13,camera,ITH55,Bologna,0.3151591023460148,1.0647097936564238,0.5691081826539994
2008,2008_04_13,camera,ITH56,Ferrara,0.4013415090769274,0.9203774493521452,0.5475778546712803
2008,2008_04_13,camera,ITH57,Ravenna,0.33148816877316356,0.7578622758198507,0.5703648548026806
2008,2008_04_13,camera,ITH58,Forlì-Cesena,0.36566746098126784,0.9323120412035761,0.4793452844894778
2008,2008_04_13,camera,ITH59,Rimini,0.4155899709316456,0.8427595889387163,0.4835924006908463
2008,2008_04_13,camera,ITI11,Massa-Carrara,0.38816140584272446,0.8117263830679304,0.4866385372714487
2008,2008_04_13,camera,ITI12,Lucca,0.43229529277821915,1.135815140037092,0.4634456452638271
2008,2008_04_13,camera,ITI13,Pistoia,0.38154421110954184,0.9082700800815464,0.48954372623574144
2008,2008_04_13,camera,ITI14,Firenze,0.2830192545653733,1.046293355160034,0.5487390882638216
2008,2008_04_13,camera,ITI15,Prato,0.35619723201880943,1.1327962824952997,0.5963983050847458
2008,2008_04_13,camera,ITI16,Livorno,0.29395651123027206,1.0805999931328842,0.6043110084680523
2008,2008_04_13,camera,ITI17,Pisa,0.326047441093787,1.026380192444835,0.4583333333333333
2008,2008_04_13,camera,ITI18,Arezzo,0.36168375116485213,0.9059078065251353,0.43795620437956206
2008,2008_04_13,camera,ITI19,Siena,0.28354264185409295,0.994114415244515,0.569364161849711
2008,2008_04_13,camera,ITI1A,Grosseto,0.3908835423949551,0.7749240959135232,0.5455531453362256
2008,2008_04_13,camera,ITI21,Perugia,0.36244034660245966,0.9560180636919892,0.3630573248407643
2008,2008_04_13,camera,ITI22,Terni,0.3582578181720401,1.0922071604207118,0.39488320355951056
2008,2008_04_13,camera,ITI31,Pesaro e Urbino,0.3774862935760836,0.9298509592504055,0.413515687851971
2008,2008_04_13,camera,ITI32,Ancona,0.32506220250973605,0.9350931029551689,0.4259359739555073
2008,2008_04_13,camera,ITI33,Macerata,0.4013496225847719,0.7593684919925132,0.2936893203883495
2008,2008_04_13,camera,ITI34,Ascoli Piceno,0.39387497855645803,0.8189417026814223,0.29453681710213775
2008,2008_04_13,camera,ITI35,Fermo,0.4109670133513051,0.815368512960453,0.28593508500772796
2008,2008_04_13,camera,ITI41,Viterbo,0.4752739117559964,0.7305929010184556,0.39606126914660833
2008,2008_04_13,camera,ITI42,Rieti,0.4415281064634109,1.1857778990323624,0.3487179487179487
2008,2008_04_13,camera,ITI43,Roma,0.43199806899157284,0.8430578361055683,0.4522131552917903
2008,2008_04_13,camera,ITI44,Latina,0.5521484420722429,0.9414030539653947,0.29133858267716534
2008,2008_04_13,camera,ITI45,Frosinone,0.48391975545494076,1.0657886755341415,0.23795027904616944
2009,2009_06_07,european,ITC11,Torino,0.47973597139411944,1.063613819652111,0.49973544973544975
2009,2009_06_07,european,ITC12,Vercelli,0.6024074341566759,0.8897120138975031,0.5
2009,2009_06_07,european,ITC13,Biella,0.5797459767755295,0.9659989009866226,0.48134991119005327
2009,2009_06_07,european,ITC14,Verbano-Cusio-Ossola,0.6127010344206927,0.9535864153125682,0.4868238557558946
2009,2009_06_07,european,ITC15,Novara,0.6006685104935442,0.9821557603061525,0.4921875
2009,2009_06_07,european,ITC16,Cuneo,0.6452904343616431,0.999865457434497,0.40551181102362205
2009,2009_06_07,european,ITC17,Asti,0.5925102480372403,0.9438939641375002,0.44847112117780297
2009,2009_06_07,european,ITC18,Alessandria,0.5626830046485705,0.970548529063559,0.5134048257372654
2009,2009_06_07,european,ITC20,Valle d'Aosta/Vallée d'Aoste,0.20877347154719417,0.9358930866983916,0.5478841870824054
2009,2009_06_07,european,ITC31,Imperia,0.6328934685626061,0.7855796100039217,0.5735294117647058
2009,2009_06_07,european,ITC32,Savona,0.5982378640185949,0.8981615265580624,0.511
2009,2009_06_07,european,ITC33,Genova,0.4515982216323227,1.0927375756299444,0.5323529411764706
2009,2009_06_07,european,ITC34,La Spezia,0.4433282555889497,0.9073281314819656,0.5293466223698782
2009,2009_06_07,european,ITC41,Varese,0.6572058507205851,1.0585787708248822,0.4541128484024473
2009,2009_06_07,european,ITC42,Como,0.6838175874228621,1.0058872986659322,0.46796288113124174
2009,2009_06_07,european,ITC43,Lecco,0.6293419119928833,1.054539316796758,0.3979213066072754
2009,2009_06_07,european,ITC44,Sondrio,0.7270159192039336,0.9910254709193923,0.3442622950819672
2009,2009_06_07,european,ITC46,Bergamo,0.6803291705767703,1.0444755151818637,0.41789416257501366
2009,2009_06_07,european,ITC47,Brescia,0.657964397983882,0.982553653288815,0.4302779132130668
2009,2009_06_07,european,ITC48,Pavia,0.6065020286561807,0.9268882335080825,0.5078828828828829
2009,2009_06_07,european,ITC49,Lodi,0.6030513960686957,1.070580622182738,0.5056179775280899
2009,2009_06_07,european,ITC4A,Cremona,0.6116395239066599,1.0097328200619868,0.4691252144082333
2009,2009_06_07,european,ITC4B,Mantova,0.5237693647447063,0.9826709998696785,0.49918032786885247
2009,2009_06_07,european,ITC4C,Milano,0.5516620041779157,1.202239086150693,0.5522905027932961
2009,2009_06_07,european,ITC4D,Monza e della Brianza,0.6222381689768478,1.127059453811401,0.4611451942740286
2009,2009_06_07,european,ITF11,L'Aquila,0.578241361765114,0.8187369373435803,0.2799586776859504
2009,2009_06_07,european,ITF12,Teramo,0.505752897368311,0.8015230411739356,0.2946859903381642
2009,2009_06_07,european,ITF13,Pescara,0.5049544193420531,0.8026524422026312,0.31849653808110784
2009,2009_06_07,european,ITF14,Chieti,0.5050162999382983,0.908855513915549,0.25471039776692256
2009,2009_06_07,european,ITF21,Isernia,0.5582894426538794,0.8194559179358112,0.1691842900302115
2009,2009_06_07,european,ITF22,Campobasso,0.4466429340177167,0.7791513950642224,0.2222222222222222
2009,2009_06_07,european,ITF31,Caserta,0.5800962745918794,0.7586408004458176,0.1804003724394786
2009,2009_06_07,european,ITF32,Benevento,0.5706556692281681,0.7089013815464184,0.14560862865947613
2009,2009_06_07,european,ITF34,Avellino,0.511848788018053,0.7864999224267047,0.16439169139465876
2009,2009_06_07,european,ITF35,Salerno,0.5161410978451074,0.7621886221074123,0.20103537532355478
2009,2009_06_07,european,ITF43,Taranto,0.4633245216735402,0.8330436721173461,0.1816816816816817
2009,2009_06_07,european,ITF44,Brindisi,0.5225335467421042,0.7284000917870082,0.22648648648648648
2009,2009_06_07,european,ITF45,Lecce,0.5474867907542953,0.6941864693837518,0.17631509384086705
2009,2009_06_07,european,ITF46,Foggia,0.5294069316338851,0.7735494113013561,0.1845431563741423
2009,2009_06_07,european,ITF47,Bari,0.5158387257341961,0.8260039926982361,0.1877225707987112
2009,2009_06_07,european,ITF48,Barletta-Andria-Trani,0.5950412797494888,0.7234798588673267,0.15359477124183007
2009,2009_06_07,european,ITF51,Potenza,0.4055079553572696,0.8235309571307567,0.12926992632283993
2009,2009_06_07,european,ITF52,Matera,0.4466794745313879,0.7984067779023446,0.12203023758099352
2009,2009_06_07,european,ITF61,Cosenza,0.43976938883837774,0.7986569993772012,0.1452991452991453
2009,2009_06_07,european,ITF62,Crotone,0.4475816321535223,0.7947406509735562,0.1242672919109027
2009,2009_06_07,european,ITF63,Catanzaro,0.4720572025709664,0.748172295942521,0.15600522193211488
2009,2009_06_07,european,ITF64,Vibo Valentia,0.4442454956755288,0.7310250750498071,0.11221945137157108
2009,2009_06_07,european,ITF65,Reggio Calabria,0.46330802519222597,0.7578134884106813,0.13863216266173753
2009,2009_06_07,european,ITG11,Trapani,0.5030729216838455,0.7142062823303786,0.1478396668401874
2009,2009_06_07,european,ITG12,Palermo,0.5377618121435849,0.902571060943698,0.24330171409552337
2009,2009_06_07,european,ITG13,Messina,0.516030685719243,0.7593869287339546,0.24014574362371646
2009,2009_06_07,european,ITG14,Agrigento,0.49588698455197194,0.7541717004155797,0.1267245784363822
2009,2009_06_07,european,ITG15,Caltanissetta,0.4148468806293886,0.7883546215207994,0.1778886118038238
2009,2009_06_07,european,ITG16,Enna,0.43419869296720426,0.7413203008588465,0.19041614123581338
2009,2009_06_07,european,ITG17,Catania,0.430981062342823,0.8189617155855303,0.3005060334760607
2009,2009_06_07,european,ITG18,Ragusa,0.4794629813853861,0.7096136857253822,0.2149740548554485
2009,2009_06_07,european,ITG19,Siracusa,0.49872013651877134,0.839187801550867,0.32930036822724884
2009,2009_06_07,european,ITG2D,Sassari,0.39362515009278465,0.8631839859396563,0.4101796407185629
2009,2009_06_07,european,ITG2E,Nuoro,0.3967147608722798,0.7522618609310865,0.30200501253132833
2009,2009_06_07,european,ITG2F,Cagliari,0.4665270416787323,0.8702544786208611,0.4504109589041096
2009,2009_06_07,european,ITG2G,Oristano,0.4721710283818651,0.7547645341320421,0.4121212121212121
2009,2009_06_07,european,ITG2H,Sud Sardegna,0.44229884490889076,0.8028708776417803,0.41498959056210966
2009,2009_06_07,european,ITH10,Bolzano/Bozen,0.1923889314481311,1.0746118415574346,0.6071987480438185
2009,2009_06_07,european,ITH20,Trento,0.4940872216713046,0.9922520503392742,0.49155609167671893
2009,2009_06_07,european,ITH31,Verona,0.6906967963640842,1.031920192263959,0.49476510067114093
2009,2009_06_07,european,ITH32,Vicenza,0.6840671602878298,1.0009291278856534,0.3873575891216465
2009,2009_06_07,european,ITH33,Belluno,0.6137255932975777,0.9396722150724127,0.441747572815534
2009,2009_06_07,european,ITH34,Treviso,0.6689380391219542,0.989767886160393,0.40530973451327434
2009,2009_06_07,european,ITH35,Venezia,0.5551328240298637,0.9496524810770252,0.563603164942179
2009,2009_06_07,european,ITH36,Padova,0.6304858714911872,0.9868721386462626,0.4013093289689034
2009,2009_06_07,european,ITH37,Rovigo,0.5711489660385508,0.8421170151299758,0.4260752688172043
2009,2009_06_07,european,ITH41,Pordenone,0.6298640384006238,1.0176565752967848,0.4931372549019608
2009,2009_06_07,european,ITH42,Udine,0.5762753141979036,0.9549222742887615,0.5188457008244994
2009,2009_06_07,european,ITH43,Gorizia,0.4466387210997709,0.9509540634986705,0.5627802690582959
2009,2009_06_07,european,ITH44,Trieste,0.47803878794328125,1.0868040389188474,0.650990099009901
2009,2009_06_07,european,ITH51,Piacenza,0.5568077824718876,0.9811360569661696,0.4236453201970443
2009,2009_06_07,european,ITH52,Parma,0.48344155707167236,1.1363933095832126,0.5341225626740947
2009,2009_06_07,european,ITH53,Reggio nell'Emilia,0.39280144379745974,1.0349398555107696,0.5067350865939705
2009,2009_06_07,european,ITH54,Modena,0.42510988106245806,1.0553570636130976,0.5243393602225312
2009,2009_06_07,european,ITH55,Bologna,0.38159697726162695,1.109257135674082,0.5850383631713555
2009,2009_06_07,european,ITH56,Ferrara,0.457660393633223,0.9031807540308108,0.5867393278837421
2009,2009_06_07,european,ITH57,Ravenna,0.40095557909445356,0.9571265434173114,0.5814319433516916
2009,2009_06_07,european,ITH58,Forlì-Cesena,0.4488030297765887,0.9387422771565775,0.49916943521594687
2009,2009_06_07,european,ITH59,Rimini,0.47797508412764644,0.8364293231750921,0.49343832020997375
2009,2009_06_07,european,ITI11,Massa-Carrara,0.4411893789773974,0.8422367160299739,0.5036603221083455
2009,2009_06_07,european,ITI12,Lucca,0.5129094373983093,0.9456435066099556,0.48032021347565046
2009,2009_06_07,european,ITI13,Pistoia,0.44538507270430283,0.8850911504552259,0.5051334702258727
2009,2009_06_07,european,ITI14,Firenze,0.35051323095128667,1.02820448473363,0.5526944518184231
2009,2009_06_07,european,ITI15,Prato,0.4535917733224828,0.8723443368871217,0.6128702757916241
2009,2009_06_07,european,ITI16,Livorno,0.3450740173557938,0.8837660418189763,0.6
2009,2009_06_07,european,ITI17,Pisa,0.39387515941129836,0.9547508984445012,0.45343303874915025
2009,2009_06_07,european,ITI18,Arezzo,0.4411761632038794,0.8941440472411157,0.4569850039463299
2009,2009_06_07,european,ITI19,Siena,0.384655141225418,1.3347525789887111,0.5612745098039216
2009,2009_06_07,european,ITI1A,Grosseto,0.446715430379845,0.806686830811994,0.5570388349514563
2009,2009_06_07,european,ITI21,Perugia,0.4492779442330013,0.8783350696274961,0.3341543513957307
2009,2009_06_07,european,ITI22,Terni,0.43590840685768245,0.8670102373470117,0.383270911360799
2009,2009_06_07,european,ITI31,Pesaro e Urbino,0.532204767063922,0.8928305876929097,0.41895261845386533
2009,2009_06_07,european,ITI32,Ancona,0.4306207189991908,0.922318977538295,0.38990825688073394
2009,2009_06_07,european,ITI33,Macerata,0.5315472468156535,0.8281238151645155,0.3324607329842932
2009,2009_06_07,european,ITI34,Ascoli Piceno,0.5002839763270749,0.8185799806135388,0.26763990267639903
2009,2009_06_07,european,ITI41,Viterbo,0.5320573719211252,0.7874921703248754,0.4059861857252494
2009,2009_06_07,european,ITI42,Rieti,0.5039497477871895,0.8020021295951143,0.34402852049910876
2009,2009_06_07,european,ITI43,Roma,0.4596778835458634,1.1918428849033837,0.45954800748863334
2009,2009_06_07,european,ITI44,Latina,0.62037143494816,0.8418477956701633,0.3147977941176471
2009,2009_06_07,european,ITI45,Frosinone,0.5677340764207265,0.8159875228363664,0.2653276955602537
2013,2013_02_24,camera,ITC11,Torino,0.20862973294006165,1.0641561361392153,0.5579070154974171
2013,2013_02_24,camera,ITC12,Vercelli,0.3250119066518495,0.9307021488418128,0.5916114790286976
2013,2013_02_24,camera,ITC13,Biella,0.28408042622889096,1.002393594426934,0.5808510638297872
2013,2013_02_24,camera,ITC14,Verbano-Cusio-Ossola,0.2998657687839103,0.9122196235047025,0.5425709515859767
2013,2013_02_24,camera,ITC15,Novara,0.3044005939802387,0.9773442374717664,0.557847533632287
2013,2013_02_24,camera,ITC16,Cuneo,0.26903586490992903,1.0106577494305928,0.4421768707482993
2013,2013_02_24,camera,ITC17,Asti,0.27465307982270826,0.9694201294657352,0.5475862068965517
2013,2013_02_24,camera,ITC18,Alessandria,0.280512093304866,0.9771421866671721,0.5673151750972762
2013,2013_02_24,camera,ITC31,Imperia,0.2693556138235716,0.7864038556949337,0.5558912386706949
2013,2013_02_24,camera,ITC32,Savona,0.18540955843897095,0.9102294942304845,0.5852585258525853
2013,2013_02_24,camera,ITC33,Genova,0.1844256515914735,1.0714215444494881,0.6183061146980631
2013,2013_02_24,camera,ITC34,La Spezia,0.17322891105516428,0.8962146930122638,0.6220570012391574
2013,2013_02_24,camera,ITC41,Varese,0.3749289929860019,1.0863404823783647,0.5138355111452728
2013,2013_02_24,camera,ITC42,Como,0.39165808322269124,1.0190443693958184,0.5186991869918699
2013,2013_02_24,camera,ITC43,Lecco,0.3453144078144078,1.0944240691462677,0.44370860927152317
2013,2013_02_24,camera,ITC44,Sondrio,0.4208409402099498,1.0366867611196797,0.4014732965009208
2013,2013_02_24,camera,ITC46,Bergamo,0.3985701011688129,1.0575162416755874,0.4977094240837696
2013,2013_02_24,camera,ITC47,Brescia,0.3911175229585505,1.003976441974231,0.5049337468283056
2013,2013_02_24,camera,ITC48,Pavia,0.3458308745333539,0.9386269797101536,0.5809768637532133
2013,2013_02_24,camera,ITC49,Lodi,0.3386585106705929,1.0033562899888058,0.5522388059701493
2013,2013_02_24,camera,ITC4A,Cremona,0.34529347140085553,1.024994960935733,0.5626943005181347
2013,2013_02_24,camera,ITC4B,Mantova,0.2776644739591605,0.9810170804038202,0.549686660698299
2013,2013_02_24,camera,ITC4C,Milano,0.2825856475722822,1.20465300845559,0.6278450685478504
2013,2013_02_24,camera,ITC4D,Monza e della Brianza,0.3315001915903564,1.1285825729808445,0.5232029117379435
2013,2013_02_24,camera,ITF11,L'Aquila,0.2758429281021814,0.7789499161404796,0.33639494833524686
2013,2013_02_24,camera,ITF12,Teramo,0.2155835536551664,0.7932611762970536,0.3007360672975815
2013,2013_02_24,camera,ITF13,Pescara,0.2410092161500037,0.7855833549243701,0.37109375
2013,2013_02_24,camera,ITF14,Chieti,0.2319539265748023,0.8924337866781178,0.3073959938366718
2013,2013_02_24,camera,ITF21,Isernia,0.23087730252887917,0.7797506431177461,0.2696629213483146
2013,2013_02_24,camera,ITF22,Campobasso,0.2053104975120743,0.7344730484352452,0.2643312101910828
2013,2013_02_24,camera,ITF31,Caserta,0.3274662469076378,0.7119809637233361,0.21414257085599772
2013,2013_02_24,camera,ITF32,Benevento,0.2758220936900102,0.6520900337198307,0.1779935275080906
2013,2013_02_24,camera,ITF34,Avellino,0.21785832661562574,0.7484333711836366,0.17447081462475947
2013,2013_02_24,camera,ITF35,Salerno,0.28431070069179887,0.7202268267668891,0.2370326874143668
2013,2013_02_24,camera,ITF43,Taranto,0.3141488067776706,0.8039566884965638,0.23573785950023574
2013,2013_02_24,camera,ITF44,Brindisi,0.3071278172408666,0.7115297065045909,0.2667517549457562
2013,2013_02_24,camera,ITF45,Lecce,0.293537174641863,0.6691558714274725,0.25181040157998685
2013,2013_02_24,camera,ITF46,Foggia,0.31790451533234404,0.7405441258136648,0.20282588878760255
2013,2013_02_24,camera,ITF47,Bari,0.28998190834800514,0.7915212793266012,0.23086522462562395
2013,2013_02_24,camera,ITF48,Barletta-Andria-Trani,0.3280241295375172,0.7021371380438101,0.19548387096774195
2013,2013_02_24,camera,ITF51,Potenza,0.1863600788595092,0.7534763366014721,0.13129770992366413
2013,2013_02_24,camera,ITF52,Matera,0.21278082391188316,0.7667622586373345,0.15886699507389163
2013,2013_02_24,camera,ITF61,Cosenza,0.23211002809670817,0.7188284000081879,0.17446359479423146
2013,2013_02_24,camera,ITF62,Crotone,0.2256075685300097,0.7789187928845985,0.14248704663212436
2013,2013_02_24,camera,ITF63,Catanzaro,0.25356011983604976,0.7258103824522049,0.19465917076598735
2013,2013_02_24,camera,ITF64,Vibo Valentia,0.24411408768359097,0.6860308766632214,0.1239193083573487
2013,2013_02_24,camera,ITF65,Reggio Calabria,0.27929966295534053,0.7184114367368662,0.17622610141313383
2013,2013_02_24,camera,ITG11,Trapani,0.25247995399505635,0.687590072165663,0.1918840579710145
2013,2013_02_24,camera,ITG12,Palermo,0.28000574022856545,0.8262700375315601,0.27954161187300397
2013,2013_02_24,camera,ITG13,Messina,0.30486727552766313,0.7321966098052873,0.2602351033644102
2013,2013_02_24,camera,ITG14,Agrigento,0.24354800818874384,0.7268580928338461,0.17936962750716332
2013,2013_02_24,camera,ITG15,Caltanissetta,0.2450951008645533,0.7523377296613719,0.22571148184494602
2013,2013_02_24,camera,ITG16,Enna,0.22870284973790816,0.7168881856551611,0.19648093841642228
2013,2013_02_24,camera,ITG17,Catania,0.3067733614451089,0.7869358263986241,0.3307401644809958
2013,2013_02_24,camera,ITG18,Ragusa,0.22949981556143745,0.6827375513759494,0.2585139318885449
2013,2013_02_24,camera,ITG19,Siracusa,0.22186904950809266,0.8040690963628407,0.35562130177514795
2013,2013_02_24,camera,ITG2D,Sassari,0.2238813348376816,0.8380004241183379,0.48007246376811596
2013,2013_02_24,camera,ITG2E,Nuoro,0.17476213973465288,0.7501110979302326,0.36698717948717946
2013,2013_02_24,camera,ITG2F,Cagliari,0.22500131833540887,0.860841352897153,0.5035971223021583
2013,2013_02_24,camera,ITG2G,Oristano,0.2316386117682014,0.7333866720099214,0.4660377358490566
2013,2013_02_24,camera,ITG2H,Sud Sardegna,0.1931763492609144,0.7974155552747793,0.46622264509990485
2013,2013_02_24,camera,ITH10,Bolzano/Bozen,0.07613349599745976,1.116401367762471,0.6373507057546145
2013,2013_02_24,camera,ITH20,Trento,0.22398858954865036,1.0142186135728808,0.5316856780735107
2013,2013_02_24,camera,ITH31,Verona,0.41558582002839306,1.052014596527603,0.5433491686460807
2013,2013_02_24,camera,ITH32,Vicenza,0.3600874622530709,1.038451614835042,0.4381443298969072
2013,2013_02_24,camera,ITH33,Belluno,0.25975026455026456,0.9917871315552769,0.5185185185185185
2013,2013_02_24,camera,ITH34,Treviso,0.312029800177107,1.0105393021336917,0.45578512396694215
2013,2013_02_24,camera,ITH35,Venezia,0.24694080819578829,0.9455689209193189,0.5828593098217671
2013,2013_02_24,camera,ITH36,Padova,0.3419730197077239,0.9850972613542226,0.4631658481299584
2013,2013_02_24,camera,ITH37,Rovigo,0.321324568118504,0.8723424704695151,0.5107361963190185
2013,2013_02_24,camera,ITH41,Pordenone,0.3318859485650391,1.036104012812366,0.5724381625441696
2013,2013_02_24,camera,ITH42,Udine,0.2701390355973381,0.9586792039571451,0.5601851851851852
2013,2013_02_24,camera,ITH43,Gorizia,0.22268442880482595,0.9045401934028271,0.612987012987013
2013,2013_02_24,camera,ITH44,Trieste,0.31561607731166264,1.1630611239794681,0.6828929068150209
2013,2013_02_24,camera,ITH51,Piacenza,0.27905717608116504,0.9863322329931887,0.4912718204488778
2013,2013_02_24,camera,ITH52,Parma,0.20553950226476234,1.1419010480479288,0.5526544821583986
2013,2013_02_24,camera,ITH53,Reggio nell'Emilia,0.15981708840086845,1.0453608060565398,0.5608540925266904
2013,2013_02_24,camera,ITH54,Modena,0.1805874939596957,1.0809067936964356,0.5933040614709111
2013,2013_02_24,camera,ITH55,Bologna,0.16218974965080046,1.0674254317693916,0.6485260770975056
2013,2013_02_24,camera,ITH56,Ferrara,0.22578467769152885,0.9328001148971046,0.655367231638418
2013,2013_02_24,camera,ITH57,Ravenna,0.17234783258160755,0.9923466903659784,0.6122270742358079
2013,2013_02_24,camera,ITH58,Forlì-Cesena,0.19279660138845717,0.9594640743878373,0.5476892822025565
2013,2013_02_24,camera,ITH59,Rimini,0.21510051869343172,0.8370736710501948,0.532639545884579
2013,2013_02_24,camera,ITI11,Massa-Carrara,0.2960970611522519,0.8615890106387979,0.593103448275862
2013,2013_02_24,camera,ITI12,Lucca,0.30883822894659124,0.9134751699088335,0.5915279878971256
2013,2013_02_24,camera,ITI13,Pistoia,0.28295236141814234,0.8968185384568846,0.5535939470365699
2013,2013_02_24,camera,ITI14,Firenze,0.15771902782546443,1.0052933753641264,0.5967016491754122
2013,2013_02_24,camera,ITI15,Prato,0.19921103092934409,0.8031568619432968,0.5511049723756906
2013,2013_02_24,camera,ITI16,Livorno,0.16303486912006182,0.9017676175980236,0.6975124378109453
2013,2013_02_24,camera,ITI17,Pisa,0.19933207364766886,0.9650675951388307,0.5640828856485035
2013,2013_02_24,camera,ITI18,Arezzo,0.22657941535171844,0.9101551175374238,0.532394366197183
2013,2013_02_24,camera,ITI19,Siena,0.18569772390414277,1.3094652251884367,0.6091515729265967
2013,2013_02_24,camera,ITI1A,Grosseto,0.2543137900230382,0.785831969227391,0.6119402985074627
2013,2013_02_24,camera,ITI21,Perugia,0.20765900611006083,0.8780986167512073,0.43419689119170984
2013,2013_02_24,camera,ITI22,Terni,0.18585708125906472,0.8489145096630784,0.5066273932253313
2013,2013_02_24,camera,ITI31,Pesaro e Urbino,0.17345740924812333,0.8978590135042633,0.4886251236399604
2013,2013_02_24,camera,ITI32,Ancona,0.1501415547108091,0.9156878225429991,0.4355212355212355
2013,2013_02_24,camera,ITI33,Macerata,0.21164932848078843,0.8383966497016102,0.36140350877192984
2013,2013_02_24,camera,ITI34,Ascoli Piceno,0.20301812119229032,0.857394359062873,0.362555720653789
2013,2013_02_24,camera,ITI35,Fermo,0.21008863221052837,0.8143582324356181,0.3412698412698413
2013,2013_02_24,camera,ITI41,Viterbo,0.2358965686714898,0.75439743102038,0.5076045627376425
2013,2013_02_24,camera,ITI42,Rieti,0.22211072815322194,0.7879702665285442,0.3813953488372093
2013,2013_02_24,camera,ITI43,Roma,0.2086355781520531,1.1495789062505395,0.5244527247321844
2013,2013_02_24,camera,ITI44,Latina,0.32282935814858965,0.804176973692378,0.40436530729465825
2013,2013_02_24,camera,ITI45,Frosinone,0.3136962371611774,0.7840848055003561,0.32023575638506874
2014,2014_05_25,european,ITC11,Torino,0.2572893187877539,1.070968369950771,0.556530543368208
2014,2014_05_25,european,ITC12,Vercelli,0.38268957240643614,0.9385580112148888,0.5903083700440529
2014,2014_05_25,european,ITC13,Biella,0.3525627956287718,1.016964278915384,0.5429864253393665
2014,2014_05_25,european,ITC14,Verbano-Cusio-Ossola,0.36169560901481634,0.9200687825814095,0.4973637961335677
2014,2014_05_25,european,ITC15,Novara,0.36594272011336076,0.9882614571142703,0.5681818181818182
2014,2014_05_25,european,ITC16,Cuneo,0.39063753106466403,1.0284117989267745,0.4602487831260141
2014,2014_05_25,european,ITC17,Asti,0.3339171044950379,0.9638323385870391,0.5586592178770949
2014,2014_05_25,european,ITC18,Alessandria,0.30847657129009365,0.9832734549276101,0.5628548256285483
2014,2014_05_25,european,ITC20,Valle d'Aosta/Vallée d'Aoste,0.22826508620689656,0.9580273557231005,0.5636856368563685
2014,2014_05_25,european,ITC31,Imperia,0.3476859901957895,0.7796999211278884,0.5894568690095847
2014,2014_05_25,european,ITC32,Savona,0.2897397923968183,0.9125199194575422,0.5841170323928945
2014,2014_05_25,european,ITC33,Genova,0.2259420733750012,1.0750033496931386,0.5888038662907773
2014,2014_05_25,european,ITC34,La Spezia,0.23542879388973342,0.9140904834630698,0.6190476190476191
2014,2014_05_25,european,ITC41,Varese,0.40640554951693636,1.0943618605580714,0.5241271086700667
2014,2014_05_25,european,ITC42,Como,0.420078581133184,1.0238522986823284,0.540938864628821
2014,2014_05_25,european,ITC43,Lecco,0.38132329123052006,1.1085163312337523,0.4309240622140897
2014,2014_05_25,european,ITC44,Sondrio,0.5241877642776855,1.0438373946609563,0.4506172839506173
2014,2014_05_25,european,ITC46,Bergamo,0.42859363782300425,1.0530186677462001,0.49533022014676453
2014,2014_05_25,european,ITC47,Brescia,0.42171439678834727,1.0102145028896816,0.5001434720229555
2014,2014_05_25,european,ITC48,Pavia,0.3963077341969877,0.943746517344042,0.6001339584728734
2014,2014_05_25,european,ITC49,Lodi,0.3824450865039858,1.0174164147813702,0.536178107606679
2014,2014_05_25,european,ITC4A,Cremona,0.4053206981701526,1.0291464366899443,0.5588547189819725
2014,2014_05_25,european,ITC4B,Mantova,0.3088936659501075,0.9888701961926468,0.5589941972920697
2014,2014_05_25,european,ITC4C,Milano,0.32526331306530487,1.1975318282125367,0.6222863424017587
2014,2014_05_25,european,ITC4D,Monza e della Brianza,0.3620090450142261,1.134250385302852,0.47998200629779575
2014,2014_05_25,european,ITF11,L'Aquila,0.3466606214906009,0.773722217859043,0.34560570071258906
2014,2014_05_25,european,ITF12,Teramo,0.29178743961352654,0.7969500170433785,0.31511254019292606
2014,2014_05_25,european,ITF13,Pescara,0.28281898829747076,0.7775635837643495,0.3804930332261522
2014,2014_05_25,european,ITF14,Chieti,0.2962596870589554,0.9064738423360618,0.32360742705570295
2014,2014_05_25,european,ITF21,Isernia,0.426618947586815,0.7443775828650145,0.2518248175182482
2014,2014_05_25,european,ITF22,Campobasso,0.29441798989697815,0.734073484551106,0.262015503875969
2014,2014_05_25,european,ITF31,Caserta,0.38575639843383874,0.7006680864726453,0.2253968253968254
2014,2014_05_25,european,ITF32,Benevento,0.38939224346563406,0.6478722955171794,0.2111587982832618
2014,2014_05_25,european,ITF34,Avellino,0.33542822468793343,0.7443263755299316,0.1703225806451613
2014,2014_05_25,european,ITF35,Salerno,0.3735230873110684,0.7092505342102123,0.25190228273928716
2014,2014_05_25,european,ITF43,Taranto,0.3248693262526576,0.8135376136563038,0.27200791295746785
2014,2014_05_25,european,ITF44,Brindisi,0.4018002489706023,0.7162969942721062,0.31185743660041126
2014,2014_05_25,european,ITF45,Lecce,0.3581442369764071,0.6640908381779356,0.2631578947368421
2014,2014_05_25,european,ITF46,Foggia,0.3430788452198672,0.7280886788606017,0.2144702842377261
2014,2014_05_25,european,ITF47,Bari,0.33944680409467265,0.7839919141805297,0.26366001734605377
2014,2014_05_25,european,ITF48,Barletta-Andria-Trani,0.34368488008179254,0.6977801072603212,0.20679012345679013
2014,2014_05_25,european,ITF51,Potenza,0.23379827308093748,0.770266393282586,0.13287775246772968
2014,2014_05_25,european,ITF52,Matera,0.2250890167077513,0.7637837191446101,0.17006802721088435
2014,2014_05_25,european,ITF61,Cosenza,0.3086762473466761,0.7075306505806448,0.18587896253602307
2014,2014_05_25,european,ITF62,Crotone,0.3271096601434257,0.766608329549198,0.17113665389527458
2014,2014_05_25,european,ITF63,Catanzaro,0.36230832311298505,0.7134441723435095,0.208882720333102
2014,2014_05_25,european,ITF64,Vibo Valentia,0.4305998397914147,0.6779552776122608,0.12612612612612611
2014,2014_05_25,european,ITF65,Reggio Calabria,0.40453724151776754,0.7011964921500499,0.16396242527754057
2014,2014_05_25,european,ITG11,Trapani,0.3146390123721279,0.6778001891431805,0.2153755868544601
2014,2014_05_25,european,ITG12,Palermo,0.332851027049742,0.8146660194404197,0.27186387020182035
2014,2014_05_25,european,ITG13,Messina,0.4035189066222437,0.7211823158987067,0.2807963500622149
2014,2014_05_25,european,ITG14,Agrigento,0.3808677983435265,0.7162859527828062,0.18311466058185966
2014,2014_05_25,european,ITG15,Caltanissetta,0.33790814863370067,0.7281633517411364,0.2508591065292096
2014,2014_05_25,european,ITG16,Enna,0.3022084393933962,0.717609339279447,0.2481962481962482
2014,2014_05_25,european,ITG17,Catania,0.3719287875370412,0.7779579541169734,0.36015798568254753
2014,2014_05_25,european,ITG18,Ragusa,0.27338989627796245,0.678931613856717,0.277190332326284
2014,2014_05_25,european,ITG19,Siracusa,0.27230520638147765,0.8147181724895607,0.3433420365535248
2014,2014_05_25,european,ITG2D,Sassari,0.2551170910179588,0.8286910787906561,0.4850649350649351
2014,2014_05_25,european,ITG2E,Nuoro,0.22217064781423693,0.7455984771545658,0.34507042253521125
2014,2014_05_25,european,ITG2F,Cagliari,0.2409251227142601,0.8377178127063937,0.4969040247678019
2014,2014_05_25,european,ITG2G,Oristano,0.25821146008151524,0.7279971885006533,0.47974413646055436
2014,2014_05_25,european,ITG2H,Sud Sardegna,0.23034975864511772,0.7877786998922051,0.4481283422459893
2014,2014_05_25,european,ITH10,Bolzano/Bozen,0.12971696878647815,1.1176812088423675,0.6342660775650466
2014,2014_05_25,european,ITH20,Trento,0.23790443345282933,1.009416931119317,0.5401069518716578
2014,2014_05_25,european,ITH31,Verona,0.4111587924084074,1.0665874808175109,0.5462740384615384
2014,2014_05_25,european,ITH32,Vicenza,0.38921536557636927,1.0454632934574648,0.45714285714285713
2014,2014_05_25,european,ITH33,Belluno,0.29524473435243737,1.0075118494978779,0.49502982107355864
2014,2014_05_25,european,ITH34,Treviso,0.3859626152205378,1.041129089036451,0.48218724109362054
2014,2014_05_25,european,ITH35,Venezia,0.29557047797420555,0.9464673286083439,0.6044154904089758
2014,2014_05_25,european,ITH36,Padova,0.3738381089920395,0.9906246164891701,0.4695024077046549
2014,2014_05_25,european,ITH37,Rovigo,0.33194853060036855,0.8792303239722543,0.4556113902847571
2014,2014_05_25,european,ITH41,Pordenone,0.36020186151910527,1.0461830933238887,0.5544332210998878
2014,2014_05_25,european,ITH42,Udine,0.3269287925929549,0.9628256917317551,0.5805142083897158
2014,2014_05_25,european,ITH43,Gorizia,0.25234235182650805,0.9158971445671368,0.6030150753768844
2014,2014_05_25,european,ITH44,Trieste,0.307400515316347,1.13957455296917,0.6843575418994413
2014,2014_05_25,european,ITH51,Piacenza,0.34846972840640683,1.003392986360834,0.4988095238095238
2014,2014_05_25,european,ITH52,Parma,0.25851822873004343,1.1494569892406858,0.5826771653543307
2014,2014_05_25,european,ITH53,Reggio nell'Emilia,0.18353929396286564,1.048611504492633,0.6035714285714285
2014,2014_05_25,european,ITH54,Modena,0.2128119478723433,1.0943234600533478,0.5667993177942012
2014,2014_05_25,european,ITH55,Bologna,0.1899005731443625,1.077594515032243,0.652352501867065
2014,2014_05_25,european,ITH56,Ferrara,0.2572453453282469,0.925258510000738,0.6423982869379015
2014,2014_05_25,european,ITH57,Ravenna,0.19235601176447673,1.0004301044608859,0.6310344827586207
2014,2014_05_25,european,ITH58,Forlì-Cesena,0.22085020816222492,0.9664290142586413,0.5590243902439025
2014,2014_05_25,european,ITH59,Rimini,0.23824298413805126,0.839157866270304,0.5314401622718052
2014,2014_05_25,european,ITI11,Massa-Carrara,0.2257423132270715,0.8632133302181202,0.5989761092150171
2014,2014_05_25,european,ITI12,Lucca,0.24469295023535495,0.9281040609435571,0.5954258675078864
2014,2014_05_25,european,ITI13,Pistoia,0.21608064240560396,0.9004373165811749,0.5524475524475524
2014,2014_05_25,european,ITI14,Firenze,0.16413735891561956,0.9941658199831137,0.6126872808415684
2014,2014_05_25,european,ITI15,Prato,0.2187502561622388,0.7977012921862889,0.5829846582984658
2014,2014_05_25,european,ITI16,Livorno,0.18326952883251454,0.8984737290696299,0.6885406464250735
2014,2014_05_25,european,ITI17,Pisa,0.19786280753612107,0.9655152509333271,0.5518248175182482
2014,2014_05_25,european,ITI18,Arezzo,0.21873626063919735,0.9170079954223148,0.5103884372177055
2014,2014_05_25,european,ITI19,Siena,0.17572432232952923,1.295307021300432,0.5919540229885057
2014,2014_05_25,european,ITI1A,Grosseto,0.24972624682129574,0.7960136883994892,0.6466165413533834
2014,2014_05_25,european,ITI21,Perugia,0.2530228170646139,0.8826814013418726,0.4240317775571003
2014,2014_05_25,european,ITI22,Terni,0.26107747834058753,0.8359830904055023,0.5079872204472844
2014,2014_05_25,european,ITI31,Pesaro e Urbino,0.21943551837002695,0.915539908862986,0.43783783783783786
2014,2014_05_25,european,ITI32,Ancona,0.20223969242005146,0.9293605842099819,0.4510571652310102
2014,2014_05_25,european,ITI33,Macerata,0.28114546534529655,0.8455131974035227,0.3588516746411483
2014,2014_05_25,european,ITI34,Ascoli Piceno,0.27066190413193986,0.8733076057870881,0.34477124183006536
2014,2014_05_25,european,ITI35,Fermo,0.24790348149134164,0.8257300623381086,0.34285714285714286
2014,2014_05_25,european,ITI41,Viterbo,0.31940840685002597,0.7455945172004724,0.48772678762006405
2014,2014_05_25,european,ITI42,Rieti,0.3252822129563714,0.7792001081513861,0.42630385487528344
2014,2014_05_25,european,ITI43,Roma,0.26160935044039235,1.129059757560369,0.5302642113690953
2014,2014_05_25,european,ITI44,Latina,0.41649296562584176,0.7976563636839686,0.3937975424224693
2014,2014_05_25,european,ITI45,Frosinone,0.3626370320711987,0.7843553941979626,0.2983050847457627
2018,2018_03_04,camera,ITC11,Torino,0.35493541980415494,1.0792746479051791,0.6544362908605738
2018,2018_03_04,camera,ITC12,Vercelli,0.4770866116445615,0.9654061721285346,0.7026476578411406
2018,2018_03_04,camera,ITC13,Biella,0.4609352192077314,1.0260542647316788,0.6925858951175407
2018,2018_03_04,camera,ITC14,Verbano-Cusio-Ossola,0.46848621855362216,0.914872130490073,0.5716440422322775
2018,2018_03_04,camera,ITC15,Novara,0.46476432532347506,0.9985928528098343,0.6513213981244672
2018,2018_03_04,camera,ITC16,Cuneo,0.4739573163119296,1.0181443864748168,0.5426122037317196
2018,2018_03_04,camera,ITC17,Asti,0.46186311089363263,0.9843813542839701,0.6381660470879802
2018,2018_03_04,camera,ITC18,Alessandria,0.45080590258437,1.0003666544550391,0.668960244648318
2018,2018_03_04,camera,ITC20,Valle d'Aosta/Vallée d'Aoste,,0.9298344600461911,0.677570093457944
2018,2018_03_04,camera,ITC31,Imperia,0.4508133803142543,0.7835005086030375,0.6836734693877551
2018,2018_03_04,camera,ITC32,Savona,0.4104447647821594,0.8916605809073949,0.7040923399790137
2018,2018_03_04,camera,ITC33,Genova,0.33824690179849537,1.0745876529010017,0.6655038759689923
2018,2018_03_04,camera,ITC34,La Spezia,0.35203649937785153,0.895562291704815,0.6392638036809816
2018,2018_03_04,camera,ITC41,Varese,0.48117708472436355,1.0830285991855728,0.6271249076127124
2018,2018_03_04,camera,ITC42,Como,0.5146886851384197,1.0308384832477797,0.6128218071680969
2018,2018_03_04,camera,ITC43,Lecco,0.48061723551719626,1.1267981546819348,0.549630844954881
2018,2018_03_04,camera,ITC44,Sondrio,0.5730554954032718,1.0753558111079982,0.5704225352112676
2018,2018_03_04,camera,ITC46,Bergamo,0.528693769229414,1.1048366774238454,0.56896
2018,2018_03_04,camera,ITC47,Brescia,0.5147130702646789,1.0114891610527814,0.6
2018,2018_03_04,camera,ITC48,Pavia,0.4936054989970081,0.9380521421242011,0.677710843373494
2018,2018_03_04,camera,ITC49,Lodi,0.48263750882116757,1.0542802780473586,0.6021505376344086
2018,2018_03_04,camera,ITC4A,Cremona,0.49696993979946513,1.0432415501986783,0.6094961240310077
2018,2018_03_04,camera,ITC4B,Mantova,0.4373050475365048,1.0262021312713392,0.6295971978984238
2018,2018_03_04,camera,ITC4C,Milano,0.39579017995183935,1.189331958147755,0.7013907461888206
2018,2018_03_04,camera,ITC4D,Monza e della Brianza,0.45053426132697116,1.1624932429766177,0.6316507503410641
2018,2018_03_04,camera,ITF11,L'Aquila,0.4041684192559268,0.7684539958015643,0.4153674832962138
2018,2018_03_04,camera,ITF12,Teramo,0.3163459729017689,0.7878118329625672,0.4204322200392927
2018,2018_03_04,camera,ITF13,Pescara,0.32892532041121325,0.7633376296780164,0.5040650406504065
2018,2018_03_04,camera,ITF14,Chieti,0.31479578136429714,0.8965464891645939,0.4061674008810573
2018,2018_03_04,camera,ITF21,Isernia,0.3538230201403445,0.7093932049908611,0.2604166666666667
2018,2018_03_04,camera,ITF22,Campobasso,0.25845943850898184,0.7077403616058976,0.30735930735930733
2018,2018_03_04,camera,ITF31,Caserta,0.290681547580107,0.6943440024115425,0.26517083120856705
2018,2018_03_04,camera,ITF32,Benevento,0.29932335372155455,0.6193721963518658,0.25329280648429586
2018,2018_03_04,camera,ITF34,Avellino,0.2599306342323102,0.7185280085973073,0.2440944881889764
2018,2018_03_04,camera,ITF35,Salerno,0.3086939971027059,0.7022214143398047,0.2929066449245821
2018,2018_03_04,camera,ITF43,Taranto,0.3074091591437208,0.7239356876290239,0.3377239199157007
2018,2018_03_04,camera,ITF44,Brindisi,0.3045573695549622,0.6968786796541578,0.36595174262734587
2018,2018_03_04,camera,ITF45,Lecce,0.28191150156095335,0.657002152307515,0.35613747954173486
2018,2018_03_04,camera,ITF46,Foggia,0.3011805888083483,0.7069683390305491,0.25287356321839083
2018,2018_03_04,camera,ITF47,Bari,0.2851525928650794,0.7718327381269587,0.3131758109731678
2018,2018_03_04,camera,ITF48,Barletta-Andria-Trani,0.28678216560509556,0.6794687935437549,0.24122310305775765
2018,2018_03_04,camera,ITF51,Potenza,0.23014123966131034,0.7626585225266528,0.1921182266009852
2018,2018_03_04,camera,ITF52,Matera,0.23765013465432172,0.7440724426687325,0.2288488210818308
2018,2018_03_04,camera,ITF61,Cosenza,0.2725506778238421,0.6402223736772035,0.232413525068014
2018,2018_03_04,camera,ITF62,Crotone,0.2550181739271958,0.6840753021425543,0.18499353169469598
2018,2018_03_04,camera,ITF63,Catanzaro,0.2985083262934975,0.6900362791948818,0.2652892561983471
2018,2018_03_04,camera,ITF64,Vibo Valentia,0.3526960524923272,0.649279451615267,0.19089759797724398
2018,2018_03_04,camera,ITF65,Reggio Calabria,0.36447412634408605,0.6733402030793224,0.21940763834762275
2018,2018_03_04,camera,ITG11,Trapani,0.274087891211371,0.6800822030244245,0.27616438356164386
2018,2018_03_04,camera,ITG12,Palermo,0.319632222410625,0.7781895741370566,0.31084250405917374
2018,2018_03_04,camera,ITG13,Messina,0.32611277879990963,0.6940260458055355,0.33174791914387636
2018,2018_03_04,camera,ITG14,Agrigento,0.27026942924564995,0.7055707237631786,0.2077922077922078
2018,2018_03_04,camera,ITG15,Caltanissetta,0.33057252474024795,0.7080240054760092,0.29282296650717704
2018,2018_03_04,camera,ITG16,Enna,0.2539528592029198,0.7070066004601054,0.23963133640552994
2018,2018_03_04,camera,ITG17,Catania,0.3054300780585534,0.7303456894753078,0.3597837837837838
2018,2018_03_04,camera,ITG18,Ragusa,0.2788387768522578,0.680447609125153,0.32910388580491673
2018,2018_03_04,camera,ITG19,Siracusa,0.2552508532970972,0.7643135415226638,0.41760299625468167
2018,2018_03_04,camera,ITG2D,Sassari,0.3115035038672619,0.809133226864658,0.539311241065627
2018,2018_03_04,camera,ITG2E,Nuoro,0.25411653555452723,0.7218236060765763,0.4177449168207024
2018,2018_03_04,camera,ITG2F,Cagliari,0.3108214797072166,0.8201182538354324,0.5735641227380016
2018,2018_03_04,camera,ITG2G,Oristano,0.31784726338668245,0.7228979946424449,0.5241228070175439
2018,2018_03_04,camera,ITG2H,Sud Sardegna,0.2943364171481157,0.7648677760718557,0.5417515274949084
2018,2018_03_04,camera,ITH10,Bolzano/Bozen,0.16860659910625317,1.127842095844138,0.6821474222411589
2018,2018_03_04,camera,ITH20,Trento,0.3939954115569347,1.0013828486290663,0.6309523809523809
2018,2018_03_04,camera,ITH31,Verona,0.4822407863199013,1.0034984883322777,0.6155807365439093
2018,2018_03_04,camera,ITH32,Vicenza,0.508709911319053,1.0510792361048271,0.5489864864864865
2018,2018_03_04,camera,ITH33,Belluno,0.47815366222703753,1.0391781276212393,0.6276595744680851
2018,2018_03_04,camera,ITH34,Treviso,0.514100245406992,1.0605321827159353,0.5913594926674594
2018,2018_03_04,camera,ITH35,Venezia,0.4238820794590025,0.9451479773136234,0.6755358462675536
2018,2018_03_04,camera,ITH36,Padova,0.4748220202628737,0.9962908038554463,0.5429036193574623
2018,2018_03_04,camera,ITH37,Rovigo,0.46952021816952244,0.8754136520806751,0.5783521809369951
2018,2018_03_04,camera,ITH41,Pordenone,0.46872739230516275,1.0699423590599866,0.590964590964591
2018,2018_03_04,camera,ITH42,Udine,0.44355372559620976,0.9420790481789149,0.6626074498567335
2018,2018_03_04,camera,ITH43,Gorizia,0.37261262196387795,0.9232252749366793,0.6924939467312349
2018,2018_03_04,camera,ITH44,Trieste,0.38729176792894704,1.1442663723983868,0.7384823848238482
2018,2018_03_04,camera,ITH51,Piacenza,0.48051585491240134,1.0338002536989714,0.6151079136690647
2018,2018_03_04,camera,ITH52,Parma,0.39680327549567407,1.1696793719004162,0.6438356164383562
2018,2018_03_04,camera,ITH53,Reggio nell'Emilia,0.2806111409686403,1.0558398392066144,0.671562082777036
2018,2018_03_04,camera,ITH54,Modena,0.3135251983616613,1.1493063971560127,0.6619411123227917
2018,2018_03_04,camera,ITH55,Bologna,0.28437545108340206,1.0824473963135415,0.7329059829059829
2018,2018_03_04,camera,ITH56,Ferrara,0.43342003324822426,0.9067027274471675,0.7307692307692307
2018,2018_03_04,camera,ITH57,Ravenna,0.3064949933668926,0.9739684790398137,0.6986183074265976
2018,2018_03_04,camera,ITH58,Forlì-Cesena,0.3144451522029732,0.9648126502907612,0.6203259827420902
2018,2018_03_04,camera,ITH59,Rimini,0.34791333555109616,0.8397511962109007,0.6003976143141153
2018,2018_03_04,camera,ITI11,Massa-Carrara,0.3635916999017398,0.8173324606050231,0.6128500823723229
2018,2018_03_04,camera,ITI12,Lucca,0.39251463533141184,0.9431456975416654,0.6923652694610778
2018,2018_03_04,camera,ITI13,Pistoia,0.3643886581627608,0.8845711376550973,0.6477272727272727
2018,2018_03_04,camera,ITI14,Firenze,0.25105037994688056,0.9960072616246142,0.6704273504273505
2018,2018_03_04,camera,ITI15,Prato,0.33780508513824353,0.8137184398285588,0.6513470681458003
2018,2018_03_04,camera,ITI16,Livorno,0.3006754791035223,0.8699601823869265,0.7631822386679001
2018,2018_03_04,camera,ITI17,Pisa,0.33478655995711515,0.972871646309109,0.6535315985130111
2018,2018_03_04,camera,ITI18,Arezzo,0.3260526228944006,0.9010126514534499,0.5769230769230769
2018,2018_03_04,camera,ITI19,Siena,0.2890160335307032,1.2545590379117197,0.6660823838737949
2018,2018_03_04,camera,ITI1A,Grosseto,0.37805625782175223,0.7725260227868854,0.7170068027210884
2018,2018_03_04,camera,ITI21,Perugia,0.36869969251793644,0.8738028951841363,0.539454094292804
2018,2018_03_04,camera,ITI22,Terni,0.36667724783747324,0.8372853331076557,0.5680272108843537
2018,2018_03_04,camera,ITI31,Pesaro e Urbino,0.3161750215099763,0.8936845556766407,0.5557768924302788
2018,2018_03_04,camera,ITI32,Ancona,0.2939950326486271,0.9187860464094367,0.5520745131244708
2018,2018_03_04,camera,ITI33,Macerata,0.3779581385379192,0.8509543625758531,0.46465696465696466
2018,2018_03_04,camera,ITI34,Ascoli Piceno,0.3240625629997984,0.8150739871943478,0.4289985052316891
2018,2018_03_04,camera,ITI35,Fermo,0.34142905206493396,0.8310987850289525,0.44863731656184486
2018,2018_03_04,camera,ITI41,Viterbo,0.3972931899641577,0.7286491161437414,0.5727878211227403
2018,2018_03_04,camera,ITI42,Rieti,0.38715087243356555,0.7350883803061983,0.5938775510204082
2018,2018_03_04,camera,ITI43,Roma,0.3318374127211236,1.1366704633952747,0.6082324455205811
2018,2018_03_04,camera,ITI44,Latina,0.4267492255989688,0.7950864045480592,0.49803701626472235
2018,2018_03_04,camera,ITI45,Frosinone,0.38598444332874926,0.7712998444579724,0.38816242257398487
2019,2019_05_26,european,ITC11,Torino,0.4569833971948651,1.0790482089051132,0.6795346377578001
2019,2019_05_26,european,ITC12,Vercelli,0.6091777375545007,0.9796033530864392,0.6543478260869565
2019,2019_05_26,european,ITC13,Biella,0.5904069346463372,1.0124192237928207,0.7073684210526315
2019,2019_05_26,european,ITC14,Verbano-Cusio-Ossola,0.5882064243822237,0.9241457894639409,0.5939597315436241
2019,2019_05_26,european,ITC15,Novara,0.5832636351630938,0.9999457538947862,0.6905393457117595
2019,2019_05_26,european,ITC16,Cuneo,0.5978624371736452,1.0228799308717988,0.5913865546218487
2019,2019_05_26,european,ITC17,Asti,0.5873316498316499,0.9822503070032934,0.6452442159383034
2019,2019_05_26,european,ITC18,Alessandria,0.5902884308692417,1.0086950779430608,0.6718386346004654
2019,2019_05_26,european,ITC20,Valle d'Aosta/Vallée d'Aoste,0.45796886285209853,0.9292601428291837,0.6888361045130641
2019,2019_05_26,european,ITC31,Imperia,0.5816256899147014,0.78883989407128,0.7380952380952381
2019,2019_05_26,european,ITC32,Savona,0.5241163848836641,0.8905292187795447,0.7283298097251586
2019,2019_05_26,european,ITC33,Genova,0.42924678555357243,1.08108422054449,0.6999151103565365
2019,2019_05_26,european,ITC34,La Spezia,0.46794418426837425,0.8932061582935402,0.6698630136986301
2019,2019_05_26,european,ITC41,Varese,0.604278915282544,1.0854835394609492,0.6553945249597424
2019,2019_05_26,european,ITC42,Como,0.6338185853055692,1.027377275841944,0.6421621621621622
2019,2019_05_26,european,ITC43,Lecco,0.596581502269961,1.1182958040566027,0.5816416593115622
2019,2019_05_26,european,ITC44,Sondrio,0.685528292438658,1.0594806244894344,0.5833333333333334
2019,2019_05_26,european,ITC46,Bergamo,0.6423848369349637,1.097172523580469,0.6145867098865478
2019,2019_05_26,european,ITC47,Brescia,0.6304080741936136,1.0151979743789394,0.6282198053806526
2019,2019_05_26,european,ITC48,Pavia,0.6216916931725719,0.9375826210003841,0.7195967233774417
2019,2019_05_26,european,ITC49,Lodi,0.6026083552772045,1.0570011882666002,0.6536964980544747
2019,2019_05_26,european,ITC4A,Cremona,0.6167488741153764,1.0471775468765352,0.6561338289962825
2019,2019_05_26,european,ITC4B,Mantova,0.560403740899075,0.9915791560768258,0.697495183044316
2019,2019_05_26,european,ITC4C,Milano,0.48942278103514864,1.2017081822052926,0.7215486359878754
2019,2019_05_26,european,ITC4D,Monza e della Brianza,0.5688126684251121,1.1523765188001251,0.6522565320665084
2019,2019_05_26,european,ITF11,L'Aquila,0.5662058497764286,0.7690098044941509,0.47635524798154555
2019,2019_05_26,european,ITF12,Teramo,0.5192192392245687,0.7889613787792321,0.4780334728033473
2019,2019_05_26,european,ITF13,Pescara,0.5016231447455558,0.7676984149134768,0.5259593679458239
2019,2019_05_26,european,ITF14,Chieti,0.49406635137748556,0.9058719902408211,0.42438130155820347
2019,2019_05_26,european,ITF21,Isernia,0.5397172497965825,0.7208914225525005,0.30566037735849055
2019,2019_05_26,european,ITF22,Campobasso,0.43040658294256096,0.7088799141918656,0.33557046979865773
2019,2019_05_26,european,ITF31,Caserta,0.44334121001554755,0.6904529143980032,0.29411764705882354
2019,2019_05_26,european,ITF32,Benevento,0.488573173730595,0.6296328155853127,0.26757990867579906
2019,2019_05_26,european,ITF34,Avellino,0.40051479298594556,0.7200633315349512,0.24118476727785615
2019,2019_05_26,european,ITF35,Salerno,0.44870228844903487,0.7052443609738698,0.3192477362433248
2019,2019_05_26,european,ITF43,Taranto,0.46334799676483934,0.8031590124410803,0.36961869618696186
2019,2019_05_26,european,ITF44,Brindisi,0.4774456767689426,0.7105000915872702,0.4008559201141227
2019,2019_05_26,european,ITF45,Lecce,0.48712544862699275,0.664780106552166,0.3767755681818182
2019,2019_05_26,european,ITF46,Foggia,0.4724957743039525,0.6917188000332302,0.250968992248062
2019,2019_05_26,european,ITF47,Bari,0.41126536185707785,0.774873700192771,0.3506268914829226
2019,2019_05_26,european,ITF48,Barletta-Andria-Trani,0.4508075885125065,0.6868284088807003,0.265281173594132
2019,2019_05_26,european,ITF51,Potenza,0.4176490543634976,0.7494458792204218,0.21502797761790568
2019,2019_05_26,european,ITF52,Matera,0.39625649341725533,0.7506229468816359,0.2391304347826087
2019,2019_05_26,european,ITF61,Cosenza,0.41875366679449233,0.6358890845849573,0.25123762376237624
2019,2019_05_26,european,ITF62,Crotone,0.3742743485791507,0.676843647114453,0.21316165951359084
2019,2019_05_26,european,ITF63,Catanzaro,0.4771069567882317,0.6872652824817143,0.3016666666666667
2019,2019_05_26,european,ITF64,Vibo Valentia,0.5569592545107727,0.6436072962971118,0.16883116883116883
2019,2019_05_26,european,ITF65,Reggio Calabria,0.516677293939069,0.6656563243863806,0.21101341971309578
2019,2019_05_26,european,ITG11,Trapani,0.415351506456241,0.676345851890038,0.32081911262798635
2019,2019_05_26,european,ITG12,Palermo,0.4571623040331128,0.7711308441682254,0.3250798722044728
2019,2019_05_26,european,ITG13,Messina,0.5289480295998521,0.693822486475647,0.31758530183727035
2019,2019_05_26,european,ITG14,Agrigento,0.4899270474039254,0.6969794019539163,0.22983870967741934
2019,2019_05_26,european,ITG15,Caltanissetta,0.4494660871431638,0.7006966430586038,0.3103802672147996
2019,2019_05_26,european,ITG16,Enna,0.39853807340329606,0.7137129675304519,0.2839285714285714
2019,2019_05_26,european,ITG17,Catania,0.4305567364554045,0.7299584773382461,0.3831446540880503
2019,2019_05_26,european,ITG18,Ragusa,0.4073779490511505,0.6839362640003642,0.34306569343065696
2019,2019_05_26,european,ITG19,Siracusa,0.4371307593178357,0.7618645839027587,0.43385880740233035
2019,2019_05_26,european,ITG2D,Sassari,0.4184139635636525,0.8083505362377625,0.560573476702509
2019,2019_05_26,european,ITG2E,Nuoro,0.3744573327906661,0.7252219582251421,0.4098360655737705
2019,2019_05_26,european,ITG2F,Cagliari,0.4082994901926899,0.827290241290598,0.6065292096219931
2019,2019_05_26,european,ITG2G,Oristano,0.4529189005191048,0.720036525138175,0.5149253731343284
2019,2019_05_26,european,ITG2H,Sud Sardegna,0.4311813909957689,0.7661538818359376,0.5912408759124088
2019,2019_05_26,european,ITH10,Bolzano/Bozen,0.2083336754382364,1.1402900610849036,0.7322623828647925
2019,2019_05_26,european,ITH20,Trento,0.4812306524498001,1.0064489836753752,0.6476945244956772
2019,2019_05_26,european,ITH31,Verona,0.6473629128965442,0.9978364812003793,0.6255548509828789
2019,2019_05_26,european,ITH32,Vicenza,0.6483182769914738,1.0508665573015616,0.5929906542056075
2019,2019_05_26,european,ITH33,Belluno,0.5965354794386103,1.0430949106503595,0.6403326403326404
2019,2019_05_26,european,ITH34,Treviso,0.6544853464767479,1.0600095137262535,0.6038205980066446
2019,2019_05_26,european,ITH35,Venezia,0.572693774969711,0.9495411831467835,0.6930533117932148
2019,2019_05_26,european,ITH36,Padova,0.6135308419076538,0.9967121012123998,0.5730994152046783
2019,2019_05_26,european,ITH37,Rovigo,0.6244691343935701,0.8895762383022295,0.5990180032733224
2019,2019_05_26,european,ITH41,Pordenone,0.6212570401852043,1.073630354250186,0.6893081761006289
2019,2019_05_26,european,ITH42,Udine,0.597214037966658,0.9470519642644512,0.706997084548105
2019,2019_05_26,european,ITH43,Gorizia,0.485099057836251,0.9320026752264842,0.7070217917675545
2019,2019_05_26,european,ITH44,Trieste,0.46865873063830643,1.1580084738850127,0.7795857988165681
2019,2019_05_26,european,ITH51,Piacenza,0.5971895769901137,1.0336150120873746,0.6345945945945946
2019,2019_05_26,european,ITH52,Parma,0.502510394238622,1.174815763199593,0.6843501326259946
2019,2019_05_26,european,ITH53,Reggio nell'Emilia,0.3895431116672625,1.0624312963107772,0.6941508104298802
2019,2019_05_26,european,ITH54,Modena,0.4366470599654456,1.1506883714928533,0.6753592336349122
2019,2019_05_26,european,ITH55,Bologna,0.3709488065697172,1.0824259925458242,0.7372127501853225
2019,2019_05_26,european,ITH56,Ferrara,0.5306250738762747,0.9142351928627908,0.7492507492507493
2019,2019_05_26,european,ITH57,Ravenna,0.4202315201663032,0.9759547658547759,0.7250673854447439
2019,2019_05_26,european,ITH58,Forlì-Cesena,0.4481192500291138,0.9561594699603707,0.656670113753878
2019,2019_05_26,european,ITH59,Rimini,0.4854840091551106,0.8408196957332328,0.6650197628458498
2019,2019_05_26,european,ITI11,Massa-Carrara,0.5133060619001596,0.8473049334441454,0.5992970123022847
2019,2019_05_26,european,ITI12,Lucca,0.5103820200839487,0.9451077158969148,0.7236628849270664
2019,2019_05_26,european,ITI13,Pistoia,0.4758333746801528,0.8706790693021398,0.7001239157372986
2019,2019_05_26,european,ITI14,Firenze,0.33296208685250717,0.9931124975543003,0.7014606341289633
2019,2019_05_26,european,ITI15,Prato,0.4588460486737763,0.815691133626113,0.7097844112769486
2019,2019_05_26,european,ITI16,Livorno,0.3878952817965271,0.8837390210214958,0.7847286108555658
2019,2019_05_26,european,ITI17,Pisa,0.43644321777554745,0.9712416484877165,0.6413130504403523
2019,2019_05_26,european,ITI18,Arezzo,0.47771643071396086,0.9100890475984836,0.6225868725868726
2019,2019_05_26,european,ITI19,Siena,0.38683469343540117,1.2390714434462882,0.6458141674333027
2019,2019_05_26,european,ITI1A,Grosseto,0.4996781765864001,0.7838801217276636,0.7226775956284153
2019,2019_05_26,european,ITI21,Perugia,0.5127497162482431,0.8747154469357769,0.5394456289978679
2019,2019_05_26,european,ITI22,Terni,0.5088450104598672,0.8433690890534701,0.6274193548387097
2019,2019_05_26,european,ITI31,Pesaro e Urbino,0.4798572236431836,0.8990627992678579,0.6
2019,2019_05_26,european,ITI32,Ancona,0.4440893446653087,0.9244128523440004,0.5822669104204753
2019,2019_05_26,european,ITI33,Macerata,0.5477124266639369,0.8466476622549745,0.49339735894357745
2019,2019_05_26,european,ITI34,Ascoli Piceno,0.504658141360048,0.8229399905956888,0.44680851063829785
2019,2019_05_26,european,ITI35,Fermo,0.5442481147419784,0.8346008828793893,0.4685598377281947
2019,2019_05_26,european,ITI41,Viterbo,0.5631430287693467,0.7347405289744046,0.6003824091778203
2019,2019_05_26,european,ITI42,Rieti,0.5588265876419974,0.7513093594078716,0.5686274509803921
2019,2019_05_26,european,ITI43,Roma,0.4437163745523134,1.120333603770111,0.6287146122736065
2019,2019_05_26,european,ITI44,Latina,0.6147095321555132,0.798988785771858,0.5202349869451697
2019,2019_05_26,european,ITI45,Frosinone,0.5737672073395721,0.77488378877959,0.43186733958183127
