year,region_code,region_name,civil_marriage_share
1996,I_01,Alava,0.30451127819548873
1996,I_02,Albacete,0.13130128956623682
1996,I_03,Alicante,0.22158674292418243
1996,I_04,Almeria,0.17382888114595432
1996,I_05,Avila,0.14357262103505844
1996,I_06,Badajoz,0.12036412677006068
1996,I_07,Illes Balears,0.3005068790731354
1996,I_08,Barcelona,0.31458042245417933
1996,I_09,Burgos,0.14414414414414414
1996,I_10,Caceres,0.13593314763231198
1996,I_11,Cadiz,0.17898693395382137
1996,I_12,Castellon,0.20326173428798727
1996,I_13,Ciudad Real,0.0945945945945946
1996,I_14,Cordoba,0.10990431859322472
1996,I_15,A Coruna,0.20841063698206555
1996,I_16,Cuenca,0.10093896713615023
1996,I_17,Girona,0.28122513922036596
1996,I_18,Granada,0.1758646063281825
1996,I_19,Guadalajara,0.19154228855721392
1996,I_20,Gipuzkoa,0.2786781061328249
1996,I_21,Huelva,0.17059639389736478
1996,I_22,Huesca,0.16646562123039807
1996,I_23,Jaen,0.09542356377799416
1996,I_24,Leon,0.21204188481675393
1996,I_25,Lleida,0.23016826923076922
1996,I_26,La Rioja,0.20236220472440944
1996,I_27,Lugo,0.16256524981357195
1996,I_28,Madrid,0.26911884530322433
1996,I_29,Malaga,0.24151525539938293
1996,I_30,Murcia,0.15826851538721678
1996,I_31,Navarra,0.2144436256448047
1996,I_32,Ourense,0.20983858570330516
1996,I_33,Asturias,0.2719836400817996
1996,I_34,Palencia,0.2019914651493599
1996,I_35,Las Palmas,0.32675222112537017
1996,I_36,Pontevedra,0.2062592410054214
1996,I_37,Salamanca,0.15718349928876243
1996,I_38,Canarias,0.29325594250967385
1996,I_39,Cantabria,0.23596454200084424
1996,I_40,Segovia,0.17160686427457097
1996,I_41,Sevilla,0.17091521617069064
1996,I_42,Soria,0.18075801749271136
1996,I_43,Tarragona,0.26892499135845144
1996,I_44,Teruel,0.1569767441860465
1996,I_45,Toledo,0.10500410172272355
1996,I_46,Valencia,0.23605263157894738
1996,I_47,Valladolid,0.17668997668997669
1996,I_48,Bizkaia,0.2874312487268283
1996,I_49,Zamora,0.14697802197802198
1996,I_50,Zaragoza,0.21363524489293625
1996,I_51,Ceuta,0.5413105413105413
1996,I_52,Melilla,0.6683168316831684
1997,I_01,Alava,0.309472161966739
1997,I_02,Albacete,0.15134529147982062
1997,I_03,Alicante,0.22009107216779358
1997,I_04,Almeria,0.15009671179883946
1997,I_05,Avila,0.1309328968903437
1997,I_06,Badajoz,0.13459079283887468
1997,I_07,Illes Balears,0.31924198250728864
1997,I_08,Barcelona,0.33103248739356866
1997,I_09,Burgos,0.16818500350385424
1997,I_10,Caceres,0.16967706622879036
1997,I_11,Cadiz,0.19335239456754824
1997,I_12,Castellon,0.1903348876642645
1997,I_13,Ciudad Real,0.10826861580630424
1997,I_14,Cordoba,0.11991657977059438
1997,I_15,A Coruna,0.22688216039279868
1997,I_16,Cuenca,0.11211340206185567
1997,I_17,Girona,0.30016181229773464
1997,I_18,Granada,0.17137340091720976
1997,I_19,Guadalajara,0.1806375442739079
1997,I_20,Gipuzkoa,0.3019658395101515
1997,I_21,Huelva,0.15751575157515751
1997,I_22,Huesca,0.1843088418430884
1997,I_23,Jaen,0.10474124573907655
1997,I_24,Leon,0.2281947261663286
1997,I_25,Lleida,0.23232944068838352
1997,I_26,La Rioja,0.21709531013615735
1997,I_27,Lugo,0.18986384266263237
1997,I_28,Madrid,0.25483968542044766
1997,I_29,Malaga,0.24221854304635762
1997,I_30,Murcia,0.1681444462356924
1997,I_31,Navarra,0.2298355520751762
1997,I_32,Ourense,0.20506535947712418
1997,I_33,Asturias,0.2706684256816183
1997,I_34,Palencia,0.1939655172413793
1997,I_35,Las Palmas,0.32102486812358705
1997,I_36,Pontevedra,0.20586098328893193
1997,I_37,Salamanca,0.156121045392022
1997,I_38,Canarias,0.32
1997,I_39,Cantabria,0.2477688057798555
1997,I_40,Segovia,0.14803149606299212
1997,I_41,Sevilla,0.1667029143105698
1997,I_42,Soria,0.207492795389049
1997,I_43,Tarragona,0.2734375
1997,I_44,Teruel,0.15565031982942432
1997,I_45,Toledo,0.1168467386954782
1997,I_46,Valencia,0.2311422880401836
1997,I_47,Valladolid,0.19950738916256158
1997,I_48,Bizkaia,0.2789588714484403
1997,I_49,Zamora,0.15081521739130435
1997,I_50,Zaragoza,0.1922803694056358
1997,I_51,Ceuta,0.4956268221574344
1997,I_52,Melilla,0.6955503512880562
1998,I_01,Alava,0.3474876150035386
1998,I_02,Albacete,0.16537180910099888
1998,I_03,Alicante,0.23101561457360203
1998,I_04,Almeria,0.17927692881103244
1998,I_05,Avila,0.12164296998420221
1998,I_06,Badajoz,0.12273011897307451
1998,I_07,Illes Balears,0.3273512039981826
1998,I_08,Barcelona,0.3240104105970555
1998,I_09,Burgos,0.1796927187708751
1998,I_10,Caceres,0.16336633663366337
1998,I_11,Cadiz,0.20828321017356935
1998,I_12,Castellon,0.21628787878787878
1998,I_13,Ciudad Real,0.1179307321350285
1998,I_14,Cordoba,0.11828737300435414
1998,I_15,A Coruna,0.2351233671988389
1998,I_16,Cuenca,0.12907117008443908
1998,I_17,Girona,0.3094745552337609
1998,I_18,Granada,0.1742678828612578
1998,I_19,Guadalajara,0.20232558139534884
1998,I_20,Gipuzkoa,0.3301829268292683
1998,I_21,Huelva,0.15695067264573992
1998,I_22,Huesca,0.2264808362369338
1998,I_23,Jaen,0.10123076923076924
1998,I_24,Leon,0.23012987012987013
1998,I_25,Lleida,0.25195429945880937
1998,I_26,La Rioja,0.21161191749427044
1998,I_27,Lugo,0.18661710037174722
1998,I_28,Madrid,0.25760740895480816
1998,I_29,Malaga,0.2411303947166334
1998,I_30,Murcia,0.16710875331564987
1998,I_31,Navarra,0.2328216374269006
1998,I_32,Ourense,0.21161191749427044
1998,I_33,Asturias,0.27463267070008646
1998,I_34,Palencia,0.22459016393442624
1998,I_35,Las Palmas,0.32841596130592504
1998,I_36,Pontevedra,0.23097826086956522
1998,I_37,Salamanca,0.1771545827633379
1998,I_38,Canarias,0.31294236602628916
1998,I_39,Cantabria,0.26338754462514874
1998,I_40,Segovia,0.21319018404907975
1998,I_41,Sevilla,0.1794871794871795
1998,I_42,Soria,0.17585301837270342
1998,I_43,Tarragona,0.2957610789980732
1998,I_44,Teruel,0.1364522417153996
1998,I_45,Toledo,0.12456071846934791
1998,I_46,Valencia,0.24187925843764854
1998,I_47,Valladolid,0.19247787610619468
1998,I_48,Bizkaia,0.2981146163897704
1998,I_49,Zamora,0.16879432624113475
1998,I_50,Zaragoza,0.2093978102189781
1998,I_51,Ceuta,0.4840764331210191
1998,I_52,Melilla,0.6651884700665188
1999,I_01,Alava,0.32568467801628426
1999,I_02,Albacete,0.1639957264957265
1999,I_03,Alicante,0.23319160244485782
1999,I_04,Almeria,0.1891399416909621
1999,I_05,Avila,0.13322368421052633
1999,I_06,Badajoz,0.13973799126637554
1999,I_07,Illes Balears,0.34066178103486566
1999,I_08,Barcelona,0.32576667467371284
1999,I_09,Burgos,0.18544935805991442
1999,I_10,Caceres,0.1256742179072276
1999,I_11,Cadiz,0.19656019656019655
1999,I_12,Castellon,0.23871461361897475
1999,I_13,Ciudad Real,0.11803713527851459
1999,I_14,Cordoba,0.1299072091363312
1999,I_15,A Coruna,0.23667806153227428
1999,I_16,Cuenca,0.13642052565707133
1999,I_17,Girona,0.32059727711901626
1999,I_18,Granada,0.1769322235434007
1999,I_19,Guadalajara,0.2056367432150313
1999,I_20,Gipuzkoa,0.3086687306501548
1999,I_21,Huelva,0.1609561752988048
1999,I_22,Huesca,0.21454993834771888
1999,I_23,Jaen,0.11070780399274047
1999,I_24,Leon,0.2345741968383478
1999,I_25,Lleida,0.2732884399551066
1999,I_26,La Rioja,0.24247104247104248
1999,I_27,Lugo,0.2242846094354215
1999,I_28,Madrid,0.2568586279301917
1999,I_29,Malaga,0.23709983920479463
1999,I_30,Murcia,0.1690712353471596
1999,I_31,Navarra,0.22597676874340022
1999,I_32,Ourense,0.23828125
1999,I_33,Asturias,0.2865892291446674
1999,I_34,Palencia,0.20704225352112676
1999,I_35,Las Palmas,0.30664760543245173
1999,I_36,Pontevedra,0.2288116337196092
1999,I_37,Salamanca,0.20781758957654722
1999,I_38,Canarias,0.322884012539185
1999,I_39,Cantabria,0.2638835695135963
1999,I_40,Segovia,0.21124620060790272
1999,I_41,Sevilla,0.17567567567567569
1999,I_42,Soria,0.19337016574585636
1999,I_43,Tarragona,0.3056436271401395
1999,I_44,Teruel,0.1871345029239766
1999,I_45,Toledo,0.12509307520476545
1999,I_46,Valencia,0.2443761126395857
1999,I_47,Valladolid,0.1964209629314018
1999,I_48,Bizkaia,0.2842911877394636
1999,I_49,Zamora,0.1813031161473088
1999,I_50,Zaragoza,0.20676262280100524
1999,I_51,Ceuta,0.46621621621621623
1999,I_52,Melilla,0.7216117216117216
2000,I_01,Alava,0.29931972789115646
2000,I_02,Albacete,0.17113733905579398
2000,I_03,Alicante,0.22843210802700675
2000,I_04,Almeria,0.20042643923240938
2000,I_05,Avila,0.14645669291338584
2000,I_06,Badajoz,0.13771063335270192
2000,I_07,Illes Balears,0.34029784396532564
2000,I_08,Barcelona,0.3309214071280117
2000,I_09,Burgos,0.20244215938303342
2000,I_10,Caceres,0.14122533748701974
2000,I_11,Cadiz,0.18745206319987728
2000,I_12,Castellon,0.20418848167539266
2000,I_13,Ciudad Real,0.11585110832287746
2000,I_14,Cordoba,0.12540119211370931
2000,I_15,A Coruna,0.23258583052192897
2000,I_16,Cuenca,0.1654228855721393
2000,I_17,Girona,0.3188102220360285
2000,I_18,Granada,0.17389390270746202
2000,I_19,Guadalajara,0.21311475409836064
2000,I_20,Gipuzkoa,0.3086206896551724
2000,I_21,Huelva,0.15532487504805845
2000,I_22,Huesca,0.2198830409356725
2000,I_23,Jaen,0.10226270937408169
2000,I_24,Leon,0.24742268041237114
2000,I_25,Lleida,0.2703023117960877
2000,I_26,La Rioja,0.21195274496177902
2000,I_27,Lugo,0.208688906128782
2000,I_28,Madrid,0.25986745453951876
2000,I_29,Malaga,0.24596255538087752
2000,I_30,Murcia,0.16666666666666666
2000,I_31,Navarra,0.26507241495453016
2000,I_32,Ourense,0.23710546574287913
2000,I_33,Asturias,0.2959059586542359
2000,I_34,Palencia,0.21916010498687663
2000,I_35,Las Palmas,0.3169154228855721
2000,I_36,Pontevedra,0.21290767110702802
2000,I_37,Salamanca,0.20755925688661114
2000,I_38,Canarias,0.30354131534569984
2000,I_39,Cantabria,0.2404692082111437
2000,I_40,Segovia,0.1956521739130435
2000,I_41,Sevilla,0.16431284698548748
2000,I_42,Soria,0.2631578947368421
2000,I_43,Tarragona,0.2761755485893417
2000,I_44,Teruel,0.1736745886654479
2000,I_45,Toledo,0.12302607418288652
2000,I_46,Valencia,0.2556993222427603
2000,I_47,Valladolid,0.19586422161529457
2000,I_48,Bizkaia,0.2844332855093257
2000,I_49,Zamora,0.18289085545722714
2000,I_50,Zaragoza,0.20864864864864865
2000,I_51,Ceuta,0.5
2000,I_52,Melilla,0.7509157509157509
2001,I_01,Alava,0.32660977501939487
2001,I_02,Albacete,0.20293951384963257
2001,I_03,Alicante,0.25583482944344704
2001,I_04,Almeria,0.2222625090645395
2001,I_05,Avila,0.19701986754966888
2001,I_06,Badajoz,0.14679176755447942
2001,I_07,Illes Balears,0.3691631992602866
2001,I_08,Barcelona,0.3706127064905691
2001,I_09,Burgos,0.21613832853025935
2001,I_10,Caceres,0.1763299462044232
2001,I_11,Cadiz,0.2058176100628931
2001,I_12,Castellon,0.2563622754491018
2001,I_13,Ciudad Real,0.12532751091703057
2001,I_14,Cordoba,0.14008518693800284
2001,I_15,A Coruna,0.259084067942378
2001,I_16,Cuenca,0.1446111869031378
2001,I_17,Girona,0.3681780016792611
2001,I_18,Granada,0.1784090909090909
2001,I_19,Guadalajara,0.2210065645514223
2001,I_20,Gipuzkoa,0.3472263868065967
2001,I_21,Huelva,0.1796812749003984
2001,I_22,Huesca,0.24968789013732834
2001,I_23,Jaen,0.12330097087378641
2001,I_24,Leon,0.26067159931701767
2001,I_25,Lleida,0.3105781057810578
2001,I_26,La Rioja,0.23850574712643677
2001,I_27,Lugo,0.22438162544169613
2001,I_28,Madrid,0.27889060092449924
2001,I_29,Malaga,0.25444839857651247
2001,I_30,Murcia,0.19555895865237366
2001,I_31,Navarra,0.2542687453600594
2001,I_32,Ourense,0.2633333333333333
2001,I_33,Asturias,0.31733389226577235
2001,I_34,Palencia,0.23088235294117648
2001,I_35,Las Palmas,0.3635897435897436
2001,I_36,Pontevedra,0.23934270064301025
2001,I_37,Salamanca,0.21834360027378508
2001,I_38,Canarias,0.34832826747720363
2001,I_39,Cantabria,0.2702407002188184
2001,I_40,Segovia,0.1685761047463175
2001,I_41,Sevilla,0.18423153692614772
2001,I_42,Soria,0.2586750788643533
2001,I_43,Tarragona,0.3202676864244742
2001,I_44,Teruel,0.21855670103092784
2001,I_45,Toledo,0.14080560420315236
2001,I_46,Valencia,0.2853999685682854
2001,I_47,Valladolid,0.22498029944838455
2001,I_48,Bizkaia,0.32155205532078374
2001,I_49,Zamora,0.20711974110032363
2001,I_50,Zaragoza,0.22666666666666666
2001,I_51,Ceuta,0.4785276073619632
2001,I_52,Melilla,0.7379310344827587
2002,I_01,Alava,0.35444839857651245
2002,I_02,Albacete,0.19217491369390102
2002,I_03,Alicante,0.28179892861592126
2002,I_04,Almeria,0.2508796622097115
2002,I_05,Avila,0.18441971383147854
2002,I_06,Badajoz,0.16200762388818296
2002,I_07,Illes Balears,0.4112639161755075
2002,I_08,Barcelona,0.41346115278167744
2002,I_09,Burgos,0.2675324675324675
2002,I_10,Caceres,0.18332311465358675
2002,I_11,Cadiz,0.2197515718448091
2002,I_12,Castellon,0.2708333333333333
2002,I_13,Ciudad Real,0.13047445255474452
2002,I_14,Cordoba,0.1580107790298873
2002,I_15,A Coruna,0.2745178498153467
2002,I_16,Cuenca,0.17804551539491298
2002,I_17,Girona,0.43242202541393915
2002,I_18,Granada,0.21209280524958987
2002,I_19,Guadalajara,0.2249488752556237
2002,I_20,Gipuzkoa,0.3746724890829694
2002,I_21,Huelva,0.18851791530944625
2002,I_22,Huesca,0.2787286063569682
2002,I_23,Jaen,0.11965010934083099
2002,I_24,Leon,0.29055555555555557
2002,I_25,Lleida,0.33486502010338887
2002,I_26,La Rioja,0.2702898550724638
2002,I_27,Lugo,0.24706867671691793
2002,I_28,Madrid,0.2948602644815296
2002,I_29,Malaga,0.28553684791609163
2002,I_30,Murcia,0.20681374756115864
2002,I_31,Navarra,0.29314002828854313
2002,I_32,Ourense,0.29345189975747776
2002,I_33,Asturias,0.33094994892747703
2002,I_34,Palencia,0.2535612535612536
2002,I_35,Las Palmas,0.37923437069677773
2002,I_36,Pontevedra,0.2670940170940171
2002,I_37,Salamanca,0.24467353951890033
2002,I_38,Canarias,0.37069223853760863
2002,I_39,Cantabria,0.2837418018639972
2002,I_40,Segovia,0.22011661807580174
2002,I_41,Sevilla,0.18686374314800314
2002,I_42,Soria,0.281767955801105
2002,I_43,Tarragona,0.35283307810107195
2002,I_44,Teruel,0.21568627450980393
2002,I_45,Toledo,0.15821000704721636
2002,I_46,Valencia,0.30693217547537055
2002,I_47,Valladolid,0.23197115384615385
2002,I_48,Bizkaia,0.34316770186335405
2002,I_49,Zamora,0.22906793048973143
2002,I_50,Zaragoza,0.2574106364428945
2002,I_51,Ceuta,0.49393939393939396
2002,I_52,Melilla,0.6691542288557214
2003,I_01,Alava,0.422360248447205
2003,I_02,Albacete,0.2422882781828379
2003,I_03,Alicante,0.33132010353753233
2003,I_04,Almeria,0.28
2003,I_05,Avila,0.2109500805152979
2003,I_06,Badajoz,0.1788286877544629
2003,I_07,Illes Balears,0.47387658568049884
2003,I_08,Barcelona,0.4671895532194481
2003,I_09,Burgos,0.2874617737003058
2003,I_10,Caceres,0.19260584376863446
2003,I_11,Cadiz,0.25923682616596
2003,I_12,Castellon,0.33356618931191057
2003,I_13,Ciudad Real,0.16411181244364292
2003,I_14,Cordoba,0.17596153846153847
2003,I_15,A Coruna,0.31022128556375134
2003,I_16,Cuenca,0.20877659574468085
2003,I_17,Girona,0.5047829286239882
2003,I_18,Granada,0.21779072372843378
2003,I_19,Guadalajara,0.27634194831013914
2003,I_20,Gipuzkoa,0.410117176336096
2003,I_21,Huelva,0.21420210690596958
2003,I_22,Huesca,0.3040103492884864
2003,I_23,Jaen,0.13352272727272727
2003,I_24,Leon,0.33483907396950874
2003,I_25,Lleida,0.3891117478510029
2003,I_26,La Rioja,0.3246930422919509
2003,I_27,Lugo,0.2907563025210084
2003,I_28,Madrid,0.3438035984530015
2003,I_29,Malaga,0.33072536798833047
2003,I_30,Murcia,0.22740610328638497
2003,I_31,Navarra,0.34797768479776847
2003,I_32,Ourense,0.31793960923623443
2003,I_33,Asturias,0.3754750950190038
2003,I_34,Palencia,0.271875
2003,I_35,Las Palmas,0.4408893709327549
2003,I_36,Pontevedra,0.320707699975081
2003,I_37,Salamanca,0.2429718875502008
2003,I_38,Canarias,0.41858325666973323
2003,I_39,Cantabria,0.31738826815642457
2003,I_40,Segovia,0.2696245733788396
2003,I_41,Sevilla,0.21025691505069397
2003,I_42,Soria,0.3707865168539326
2003,I_43,Tarragona,0.4337979094076655
2003,I_44,Teruel,0.2876712328767123
2003,I_45,Toledo,0.22576079263977353
2003,I_46,Valencia,0.3584296275030503
2003,I_47,Valladolid,0.2624639472599918
2003,I_48,Bizkaia,0.35541351927174125
2003,I_49,Zamora,0.2521613832853026
2003,I_50,Zaragoza,0.2865979381443299
2003,I_51,Ceuta,0.5304347826086957
2003,I_52,Melilla,0.7315436241610739
2004,I_01,Alava,0.44734931009440815
2004,I_02,Albacete,0.2694712905059693
2004,I_03,Alicante,0.3832728124633946
2004,I_04,Almeria,0.3023952095808383
2004,I_05,Avila,0.24543946932006633
2004,I_06,Badajoz,0.20297656744775175
2004,I_07,Illes Balears,0.5025246981339188
2004,I_08,Barcelona,0.5338034341261304
2004,I_09,Burgos,0.3182957393483709
2004,I_10,Caceres,0.25387365911799764
2004,I_11,Cadiz,0.2692137483404632
2004,I_12,Castellon,0.38841506751954513
2004,I_13,Ciudad Real,0.19142485924642702
2004,I_14,Cordoba,0.1922602908553118
2004,I_15,A Coruna,0.34803021024698916
2004,I_16,Cuenca,0.2180028129395218
2004,I_17,Girona,0.5714285714285714
2004,I_18,Granada,0.23107135064368317
2004,I_19,Guadalajara,0.35165876777251187
2004,I_20,Gipuzkoa,0.45855881515237823
2004,I_21,Huelva,0.22743122820612166
2004,I_22,Huesca,0.3944636678200692
2004,I_23,Jaen,0.16724192030122373
2004,I_24,Leon,0.3482954545454545
2004,I_25,Lleida,0.44678429140580533
2004,I_26,La Rioja,0.3696682464454976
2004,I_27,Lugo,0.3103154305200341
2004,I_28,Madrid,0.38900844231087567
2004,I_29,Malaga,0.36519351464435146
2004,I_30,Murcia,0.2543978349120433
2004,I_31,Navarra,0.38664383561643834
2004,I_32,Ourense,0.3293718166383701
2004,I_33,Asturias,0.4199273900766438
2004,I_34,Palencia,0.27696793002915454
2004,I_35,Las Palmas,0.4573621375781694
2004,I_36,Pontevedra,0.33519282076158136
2004,I_37,Salamanca,0.3021978021978022
2004,I_38,Canarias,0.487040385774563
2004,I_39,Cantabria,0.35148173673328736
2004,I_40,Segovia,0.2996894409937888
2004,I_41,Sevilla,0.23821176470588235
2004,I_42,Soria,0.359375
2004,I_43,Tarragona,0.4942654287274713
2004,I_44,Teruel,0.32943469785575047
2004,I_45,Toledo,0.21358267716535434
2004,I_46,Valencia,0.41497163414971633
2004,I_47,Valladolid,0.2781431334622824
2004,I_48,Bizkaia,0.40523763336566443
2004,I_49,Zamora,0.2536115569823435
2004,I_50,Zaragoza,0.30470483799378606
2004,I_51,Ceuta,0.5614973262032086
2004,I_52,Melilla,0.7493857493857494
2005,I_01,Alava,0.4447924823805795
2005,I_02,Albacete,0.28837209302325584
2005,I_03,Alicante,0.38449905482041585
2005,I_04,Almeria,0.313824419778002
2005,I_05,Avila,0.25510204081632654
2005,I_06,Badajoz,0.20557377049180328
2005,I_07,Illes Balears,0.539957815795641
2005,I_08,Barcelona,0.5686818878713794
2005,I_09,Burgos,0.334965034965035
2005,I_10,Caceres,0.25439167208848407
2005,I_11,Cadiz,0.28700951248513673
2005,I_12,Castellon,0.3977104874446086
2005,I_13,Ciudad Real,0.22446351931330472
2005,I_14,Cordoba,0.2068358884141744
2005,I_15,A Coruna,0.3689942344650865
2005,I_16,Cuenca,0.24254742547425473
2005,I_17,Girona,0.5983722576079264
2005,I_18,Granada,0.2585844428871759
2005,I_19,Guadalajara,0.3502626970227671
2005,I_20,Gipuzkoa,0.47878787878787876
2005,I_21,Huelva,0.24196597353497165
2005,I_22,Huesca,0.3851944792973651
2005,I_23,Jaen,0.175422138836773
2005,I_24,Leon,0.41111754487550667
2005,I_25,Lleida,0.48899188876013905
2005,I_26,La Rioja,0.373134328358209
2005,I_27,Lugo,0.35069767441860467
2005,I_28,Madrid,0.4202627963504421
2005,I_29,Malaga,0.3645393931147095
2005,I_30,Murcia,0.2714457108578284
2005,I_31,Navarra,0.41744664919505803
2005,I_32,Ourense,0.3708668453976765
2005,I_33,Asturias,0.4413863404689093
2005,I_34,Palencia,0.3338129496402878
2005,I_35,Las Palmas,0.5061395627433364
2005,I_36,Pontevedra,0.37355331199212016
2005,I_37,Salamanca,0.28480113636363635
2005,I_38,Canarias,0.5139664804469274
2005,I_39,Cantabria,0.39429763560500697
2005,I_40,Segovia,0.3443708609271523
2005,I_41,Sevilla,0.23399173174092788
2005,I_42,Soria,0.4068965517241379
2005,I_43,Tarragona,0.5097645031591039
2005,I_44,Teruel,0.31203007518796994
2005,I_45,Toledo,0.23016650342801176
2005,I_46,Valencia,0.42618176387125684
2005,I_47,Valladolid,0.31812725090036015
2005,I_48,Bizkaia,0.4358304880498092
2005,I_49,Zamora,0.3149078726968174
2005,I_50,Zaragoza,0.3232114101679319
2005,I_51,Ceuta,0.5207756232686981
2005,I_52,Melilla,0.7275541795665634
2006,I_01,Alava,0.5003958828186856
2006,I_02,Albacete,0.3076459963877182
2006,I_03,Alicante,0.43307914804102027
2006,I_04,Almeria,0.37910447761194027
2006,I_05,Avila,0.31313131313131315
2006,I_06,Badajoz,0.2403503081414207
2006,I_07,Illes Balears,0.5593896713615023
2006,I_08,Barcelona,0.6174499583899085
2006,I_09,Burgos,0.3738450604122246
2006,I_10,Caceres,0.29408060453400503
2006,I_11,Cadiz,0.30689269150807613
2006,I_12,Castellon,0.43290371493555724
2006,I_13,Ciudad Real,0.22729286663712894
2006,I_14,Cordoba,0.23280554181098467
2006,I_15,A Coruna,0.4158291457286432
2006,I_16,Cuenca,0.2918454935622318
2006,I_17,Girona,0.6466876971608833
2006,I_18,Granada,0.29187071498530853
2006,I_19,Guadalajara,0.40947546531302875
2006,I_20,Gipuzkoa,0.5023503603885929
2006,I_21,Huelva,0.2804253643166601
2006,I_22,Huesca,0.4432234432234432
2006,I_23,Jaen,0.19491525423728814
2006,I_24,Leon,0.4313000616142945
2006,I_25,Lleida,0.5449943757030371
2006,I_26,La Rioja,0.42388929351784416
2006,I_27,Lugo,0.37646001796945194
2006,I_28,Madrid,0.46496171073544285
2006,I_29,Malaga,0.39997320112555274
2006,I_30,Murcia,0.2902529302899445
2006,I_31,Navarra,0.46974697469746973
2006,I_32,Ourense,0.3966870095902354
2006,I_33,Asturias,0.47297297297297297
2006,I_34,Palencia,0.36065573770491804
2006,I_35,Las Palmas,0.5553892215568862
2006,I_36,Pontevedra,0.4078295341922696
2006,I_37,Salamanca,0.344311377245509
2006,I_38,Canarias,0.5318287037037037
2006,I_39,Cantabria,0.4195605953224663
2006,I_40,Segovia,0.36689419795221845
2006,I_41,Sevilla,0.2679213164365425
2006,I_42,Soria,0.43506493506493504
2006,I_43,Tarragona,0.564709236031927
2006,I_44,Teruel,0.40081799591002043
2006,I_45,Toledo,0.2771918259723138
2006,I_46,Valencia,0.44293392349035726
2006,I_47,Valladolid,0.3466453674121406
2006,I_48,Bizkaia,0.48818565400843883
2006,I_49,Zamora,0.36283185840707965
2006,I_50,Zaragoza,0.39122137404580154
2006,I_51,Ceuta,0.5846153846153846
2006,I_52,Melilla,0.7218045112781954
2007,I_01,Alava,0.509046052631579
2007,I_02,Albacete,0.32923832923832924
2007,I_03,Alicante,0.4560544217687075
2007,I_04,Almeria,0.3631875881523272
2007,I_05,Avila,0.35578583765112265
2007,I_06,Badajoz,0.262448132780083
2007,I_07,Illes Balears,0.5859608745684695
2007,I_08,Barcelona,0.650790814047002
2007,I_09,Burgos,0.4160331720801659
2007,I_10,Caceres,0.30779305828421744
2007,I_11,Cadiz,0.31160896130346233
2007,I_12,Castellon,0.487569573283859
2007,I_13,Ciudad Real,0.25807841447651875
2007,I_14,Cordoba,0.24880382775119617
2007,I_15,A Coruna,0.4285112655295852
2007,I_16,Cuenca,0.28898426323319026
2007,I_17,Girona,0.6617801047120419
2007,I_18,Granada,0.32798659324874313
2007,I_19,Guadalajara,0.4517684887459807
2007,I_20,Gipuzkoa,0.5182670546395086
2007,I_21,Huelva,0.29688132847306603
2007,I_22,Huesca,0.47613065326633164
2007,I_23,Jaen,0.22232947232947234
2007,I_24,Leon,0.4460227272727273
2007,I_25,Lleida,0.5480505216913784
2007,I_26,La Rioja,0.43353028064992616
2007,I_27,Lugo,0.38562664329535495
2007,I_28,Madrid,0.489
2007,I_29,Malaga,0.4323017408123791
2007,I_30,Murcia,0.31533022416127576
2007,I_31,Navarra,0.47060998151571165
2007,I_32,Ourense,0.4418052256532066
2007,I_33,Asturias,0.4846613135680461
2007,I_34,Palencia,0.38003220611916266
2007,I_35,Las Palmas,0.5733048259010385
2007,I_36,Pontevedra,0.43506821627084385
2007,I_37,Salamanca,0.34963503649635036
2007,I_38,Canarias,0.5401086609140301
2007,I_39,Cantabria,0.4423337856173677
2007,I_40,Segovia,0.3602693602693603
2007,I_41,Sevilla,0.3041003376748673
2007,I_42,Soria,0.4270833333333333
2007,I_43,Tarragona,0.5973540408398045
2007,I_44,Teruel,0.4261954261954262
2007,I_45,Toledo,0.3018440634098997
2007,I_46,Valencia,0.4925606247431155
2007,I_47,Valladolid,0.3490011750881316
2007,I_48,Bizkaia,0.5167262781401221
2007,I_49,Zamora,0.35678391959798994
2007,I_50,Zaragoza,0.3959315306375589
2007,I_51,Ceuta,0.5764075067024129
2007,I_52,Melilla,0.8152380952380952
2008,I_01,Alava,0.5403225806451613
2008,I_02,Albacete,0.3668240053944707
2008,I_03,Alicante,0.5052738043635313
2008,I_04,Almeria,0.44073939833272924
2008,I_05,Avila,0.32550335570469796
2008,I_06,Badajoz,0.28659581762084335
2008,I_07,Illes Balears,0.609956500724988
2008,I_08,Barcelona,0.6936246098974588
2008,I_09,Burgos,0.3912087912087912
2008,I_10,Caceres,0.2862930452397029
2008,I_11,Cadiz,0.35135135135135137
2008,I_12,Castellon,0.500805152979066
2008,I_13,Ciudad Real,0.25673249551166966
2008,I_14,Cordoba,0.26303621885435396
2008,I_15,A Coruna,0.45792026998523516
2008,I_16,Cuenca,0.27180232558139533
2008,I_17,Girona,0.7095070422535211
2008,I_18,Granada,0.3766851704996035
2008,I_19,Guadalajara,0.46371976647206004
2008,I_20,Gipuzkoa,0.5700782268578879
2008,I_21,Huelva,0.35192953020134227
2008,I_22,Huesca,0.4781420765027322
2008,I_23,Jaen,0.24974653599188915
2008,I_24,Leon,0.4507897934386391
2008,I_25,Lleida,0.611764705882353
2008,I_26,La Rioja,0.45351473922902497
2008,I_27,Lugo,0.3859180035650624
2008,I_28,Madrid,0.520257307301659
2008,I_29,Malaga,0.47941092364884186
2008,I_30,Murcia,0.34466608846487423
2008,I_31,Navarra,0.5091383812010444
2008,I_32,Ourense,0.4519774011299435
2008,I_33,Asturias,0.5038743455497382
2008,I_34,Palencia,0.348993288590604
2008,I_35,Las Palmas,0.6187757691087853
2008,I_36,Pontevedra,0.4467425025853154
2008,I_37,Salamanca,0.3678247734138973
2008,I_38,Canarias,0.5601255886970172
2008,I_39,Cantabria,0.46151226158038144
2008,I_40,Segovia,0.34789156626506024
2008,I_41,Sevilla,0.32807109252483013
2008,I_42,Soria,0.38976377952755903
2008,I_43,Tarragona,0.6540243196294152
2008,I_44,Teruel,0.40397350993377484
2008,I_45,Toledo,0.32421756305074445
2008,I_46,Valencia,0.5455422109231174
2008,I_47,Valladolid,0.3753202391118702
2008,I_48,Bizkaia,0.5504121750158529
2008,I_49,Zamora,0.3793103448275862
2008,I_50,Zaragoza,0.4125874125874126
2008,I_51,Ceuta,0.6256830601092896
2008,I_52,Melilla,0.7723404255319148
2009,I_01,Alava,0.5800829875518673
2009,I_02,Albacete,0.43459614010007147
2009,I_03,Alicante,0.5553854007146504
2009,I_04,Almeria,0.4838167297183691
2009,I_05,Avila,0.4086629001883239
2009,I_06,Badajoz,0.3237994350282486
2009,I_07,Illes Balears,0.681763430498675
2009,I_08,Barcelona,0.7354578141161404
2009,I_09,Burgos,0.48032128514056227
2009,I_10,Caceres,0.3818722139673105
2009,I_11,Cadiz,0.4040992448759439
2009,I_12,Castellon,0.5700234192037471
2009,I_13,Ciudad Real,0.3154327424400417
2009,I_14,Cordoba,0.32370820668693007
2009,I_15,A Coruna,0.5196725039799863
2009,I_16,Cuenca,0.4160839160839161
2009,I_17,Girona,0.7572924457741211
2009,I_18,Granada,0.43080287410184315
2009,I_19,Guadalajara,0.502906976744186
2009,I_20,Gipuzkoa,0.6330090573633009
2009,I_21,Huelva,0.40828729281767956
2009,I_22,Huesca,0.553314121037464
2009,I_23,Jaen,0.26500612494895875
2009,I_24,Leon,0.5154911008569545
2009,I_25,Lleida,0.6694058154235145
2009,I_26,La Rioja,0.5120331950207468
2009,I_27,Lugo,0.4703703703703704
2009,I_28,Madrid,0.5539685778412569
2009,I_29,Malaga,0.5405589638718473
2009,I_30,Murcia,0.41092682926829266
2009,I_31,Navarra,0.5357142857142857
2009,I_32,Ourense,0.4861111111111111
2009,I_33,Asturias,0.5576365663322185
2009,I_34,Palencia,0.41714285714285715
2009,I_35,Las Palmas,0.6951469583048531
2009,I_36,Pontevedra,0.5293604651162791
2009,I_37,Salamanca,0.3955408753096614
2009,I_38,Canarias,0.6418060200668896
2009,I_39,Cantabria,0.5122045718713677
2009,I_40,Segovia,0.40636042402826855
2009,I_41,Sevilla,0.3834355828220859
2009,I_42,Soria,0.5620689655172414
2009,I_43,Tarragona,0.7097093791281374
2009,I_44,Teruel,0.5560747663551402
2009,I_45,Toledo,0.37337548296452405
2009,I_46,Valencia,0.6177690029615005
2009,I_47,Valladolid,0.4462040055891942
2009,I_48,Bizkaia,0.5778964476433712
2009,I_49,Zamora,0.4134078212290503
2009,I_50,Zaragoza,0.4648318042813456
2009,I_51,Ceuta,0.6423173803526449
2009,I_52,Melilla,0.7555012224938875
2010,I_01,Alava,0.60423197492163
2010,I_02,Albacete,0.4656319290465632
2010,I_03,Alicante,0.6130994989262706
2010,I_04,Almeria,0.5277264325323475
2010,I_05,Avila,0.4645669291338583
2010,I_06,Badajoz,0.37421499815293685
2010,I_07,Illes Balears,0.7327586206896551
2010,I_08,Barcelona,0.7777671252576578
2010,I_09,Burgos,0.48412083656080557
2010,I_10,Caceres,0.4541595925297114
2010,I_11,Cadiz,0.453555709983785
2010,I_12,Castellon,0.6224588576960309
2010,I_13,Ciudad Real,0.35364464692482916
2010,I_14,Cordoba,0.36666666666666664
2010,I_15,A Coruna,0.5547866205305652
2010,I_16,Cuenca,0.46321070234113715
2010,I_17,Girona,0.772191673212883
2010,I_18,Granada,0.4479442970822281
2010,I_19,Guadalajara,0.582427536231884
2010,I_20,Gipuzkoa,0.676552686671319
2010,I_21,Huelva,0.44469525959367945
2010,I_22,Huesca,0.6067746686303387
2010,I_23,Jaen,0.32036199095022627
2010,I_24,Leon,0.5254901960784314
2010,I_25,Lleida,0.681214421252372
2010,I_26,La Rioja,0.5295154185022026
2010,I_27,Lugo,0.4995340167753961
2010,I_28,Madrid,0.6015216357584403
2010,I_29,Malaga,0.5638168204771026
2010,I_30,Murcia,0.4650659319031687
2010,I_31,Navarra,0.5673697804563065
2010,I_32,Ourense,0.5235487404162102
2010,I_33,Asturias,0.5768602752507581
2010,I_34,Palencia,0.4606946983546618
2010,I_35,Las Palmas,0.6946129147342134
2010,I_36,Pontevedra,0.5634737449509521
2010,I_37,Salamanca,0.39592969472710454
2010,I_38,Canarias,0.6751143963393171
2010,I_39,Cantabria,0.5392857142857143
2010,I_40,Segovia,0.4870848708487085
2010,I_41,Sevilla,0.42911475409836064
2010,I_42,Soria,0.5218978102189781
2010,I_43,Tarragona,0.7509108976482279
2010,I_44,Teruel,0.5683453237410072
2010,I_45,Toledo,0.4078595955742083
2010,I_46,Valencia,0.6652787651061237
2010,I_47,Valladolid,0.4977667493796526
2010,I_48,Bizkaia,0.6492760284991956
2010,I_49,Zamora,0.4365904365904366
2010,I_50,Zaragoza,0.49749779216956136
2010,I_51,Ceuta,0.605
2010,I_52,Melilla,0.7325842696629213
2011,I_01,Alava,0.6549356223175966
2011,I_02,Albacete,0.5200605601816806
2011,I_03,Alicante,0.6558181818181819
2011,I_04,Almeria,0.5328852616418627
2011,I_05,Avila,0.4297872340425532
2011,I_06,Badajoz,0.417779632721202
2011,I_07,Illes Balears,0.7580368098159509
2011,I_08,Barcelona,0.788313064540546
2011,I_09,Burgos,0.5357766143106457
2011,I_10,Caceres,0.4592013888888889
2011,I_11,Cadiz,0.47168894289185903
2011,I_12,Castellon,0.6476345840130505
2011,I_13,Ciudad Real,0.3812423873325213
2011,I_14,Cordoba,0.368251698248123
2011,I_15,A Coruna,0.5865244789142026
2011,I_16,Cuenca,0.45161290322580644
2011,I_17,Girona,0.7939019683519877
2011,I_18,Granada,0.4673875130798744
2011,I_19,Guadalajara,0.592156862745098
2011,I_20,Gipuzkoa,0.700215672178289
2011,I_21,Huelva,0.4535423925667828
2011,I_22,Huesca,0.6003159557661928
2011,I_23,Jaen,0.3331811958010041
2011,I_24,Leon,0.5623287671232877
2011,I_25,Lleida,0.6968232044198895
2011,I_26,La Rioja,0.5472043996333639
2011,I_27,Lugo,0.5523255813953488
2011,I_28,Madrid,0.6228080687038147
2011,I_29,Malaga,0.588034835289663
2011,I_30,Murcia,0.4941823566744235
2011,I_31,Navarra,0.6231043710972346
2011,I_32,Ourense,0.5277463193657984
2011,I_33,Asturias,0.6114503816793894
2011,I_34,Palencia,0.4607438016528926
2011,I_35,Las Palmas,0.7370254266805991
2011,I_36,Pontevedra,0.6171073094867807
2011,I_37,Salamanca,0.4576271186440678
2011,I_38,Canarias,0.6960926193921853
2011,I_39,Cantabria,0.5915875169606513
2011,I_40,Segovia,0.5201535508637236
2011,I_41,Sevilla,0.45779803840309435
2011,I_42,Soria,0.5896414342629482
2011,I_43,Tarragona,0.7356859920777817
2011,I_44,Teruel,0.5440806045340051
2011,I_45,Toledo,0.4568642160540135
2011,I_46,Valencia,0.6926870212989193
2011,I_47,Valladolid,0.49922158796056043
2011,I_48,Bizkaia,0.6702626641651032
2011,I_49,Zamora,0.5010752688172043
2011,I_50,Zaragoza,0.5351598173515981
2011,I_51,Ceuta,0.6696428571428571
2011,I_52,Melilla,0.7208588957055214
2012,I_01,Alava,0.657190635451505
2012,I_02,Albacete,0.5029585798816568
2012,I_03,Alicante,0.6606923212089264
2012,I_04,Almeria,0.5731549417350021
2012,I_05,Avila,0.4358974358974359
2012,I_06,Badajoz,0.4134885588117222
2012,I_07,Illes Balears,0.7928553708757132
2012,I_08,Barcelona,0.8037807737397421
2012,I_09,Burgos,0.5486284289276808
2012,I_10,Caceres,0.4713216957605985
2012,I_11,Cadiz,0.51102114260009
2012,I_12,Castellon,0.6663179916317992
2012,I_13,Ciudad Real,0.402067777139575
2012,I_14,Cordoba,0.3637028905964142
2012,I_15,A Coruna,0.6231283114489748
2012,I_16,Cuenca,0.498371335504886
2012,I_17,Girona,0.7987592089957348
2012,I_18,Granada,0.49658091826766526
2012,I_19,Guadalajara,0.6341689879294337
2012,I_20,Gipuzkoa,0.7242524916943521
2012,I_21,Huelva,0.4947257383966245
2012,I_22,Huesca,0.635890767230169
2012,I_23,Jaen,0.3517857142857143
2012,I_24,Leon,0.5672295184490307
2012,I_25,Lleida,0.731690622861054
2012,I_26,La Rioja,0.5798764342453663
2012,I_27,Lugo,0.5497584541062802
2012,I_28,Madrid,0.6358730158730159
2012,I_29,Malaga,0.604922515952598
2012,I_30,Murcia,0.5239055880572927
2012,I_31,Navarra,0.6208572691117985
2012,I_32,Ourense,0.5819761129207384
2012,I_33,Asturias,0.635593220338983
2012,I_34,Palencia,0.4910071942446043
2012,I_35,Las Palmas,0.7465555911566806
2012,I_36,Pontevedra,0.6365336658354115
2012,I_37,Salamanca,0.4991319444444444
2012,I_38,Canarias,0.7037437005039597
2012,I_39,Cantabria,0.611749680715198
2012,I_40,Segovia,0.5289256198347108
2012,I_41,Sevilla,0.4792843691148776
2012,I_42,Soria,0.6071428571428571
2012,I_43,Tarragona,0.769501054111033
2012,I_44,Teruel,0.6548463356973995
2012,I_45,Toledo,0.48301329394387
2012,I_46,Valencia,0.7106703852907758
2012,I_47,Valladolid,0.5466399197592778
2012,I_48,Bizkaia,0.7070707070707071
2012,I_49,Zamora,0.5251046025104602
2012,I_50,Zaragoza,0.5468217934165721
2012,I_51,Ceuta,0.58679706601467
2012,I_52,Melilla,0.7611548556430446
2013,I_01,Alava,0.7354014598540146
2013,I_02,Albacete,0.5893599334995844
2013,I_03,Alicante,0.7249771271729186
2013,I_04,Almeria,0.6216758655293527
2013,I_05,Avila,0.5160550458715596
2013,I_06,Badajoz,0.48376151236063986
2013,I_07,Illes Balears,0.8120854826823877
2013,I_08,Barcelona,0.8359302445568053
2013,I_09,Burgos,0.6045411542100284
2013,I_10,Caceres,0.5526561043802423
2013,I_11,Cadiz,0.5580808080808081
2013,I_12,Castellon,0.6982613572630398
2013,I_13,Ciudad Real,0.47074122236671
2013,I_14,Cordoba,0.458280389665396
2013,I_15,A Coruna,0.6720626631853786
2013,I_16,Cuenca,0.5709156193895871
2013,I_17,Girona,0.8395155185465556
2013,I_18,Granada,0.5554760200429492
2013,I_19,Guadalajara,0.6719745222929936
2013,I_20,Gipuzkoa,0.7795463589335455
2013,I_21,Huelva,0.538899430740038
2013,I_22,Huesca,0.6795665634674922
2013,I_23,Jaen,0.3955264593562466
2013,I_24,Leon,0.6311953352769679
2013,I_25,Lleida,0.7582089552238805
2013,I_26,La Rioja,0.6071784646061814
2013,I_27,Lugo,0.6483870967741936
2013,I_28,Madrid,0.6823188642297651
2013,I_29,Malaga,0.6766304347826086
2013,I_30,Murcia,0.5865795991893717
2013,I_31,Navarra,0.6537918040508715
2013,I_32,Ourense,0.6023121387283237
2013,I_33,Asturias,0.695807314897413
2013,I_34,Palencia,0.5497737556561086
2013,I_35,Las Palmas,0.7906295754026355
2013,I_36,Pontevedra,0.6923337856173677
2013,I_37,Salamanca,0.5769585253456221
2013,I_38,Canarias,0.75
2013,I_39,Cantabria,0.6406727828746177
2013,I_40,Segovia,0.6171171171171171
2013,I_41,Sevilla,0.5601359338061466
2013,I_42,Soria,0.6212765957446809
2013,I_43,Tarragona,0.8048507462686567
2013,I_44,Teruel,0.6487804878048781
2013,I_45,Toledo,0.5513536742587022
2013,I_46,Valencia,0.7678805058874837
2013,I_47,Valladolid,0.5755193711398091
2013,I_48,Bizkaia,0.7590687601515972
2013,I_49,Zamora,0.5567010309278351
2013,I_50,Zaragoza,0.5987951807228916
2013,I_51,Ceuta,0.6449086161879896
2013,I_52,Melilla,0.7211538461538461
2014,I_01,Alava,0.7302631578947368
2014,I_02,Albacete,0.5547112462006079
2014,I_03,Alicante,0.7318266149434981
2014,I_04,Almeria,0.5867066466766616
2014,I_05,Avila,0.5268065268065268
2014,I_06,Badajoz,0.4912923923006416
2014,I_07,Illes Balears,0.799384906553111
2014,I_08,Barcelona,0.8356434641845407
2014,I_09,Burgos,0.6034318398474738
2014,I_10,Caceres,0.5818181818181818
2014,I_11,Cadiz,0.5817385289370532
2014,I_12,Castellon,0.7429160226687275
2014,I_13,Ciudad Real,0.46237244897959184
2014,I_14,Cordoba,0.4381283836040217
2014,I_15,A Coruna,0.6728948679621325
2014,I_16,Cuenca,0.5516637478108581
2014,I_17,Girona,0.8467153284671532
2014,I_18,Granada,0.5477929501429025
2014,I_19,Guadalajara,0.6758767268862912
2014,I_20,Gipuzkoa,0.7723161620133701
2014,I_21,Huelva,0.5557522123893806
2014,I_22,Huesca,0.6470588235294118
2014,I_23,Jaen,0.40096618357487923
2014,I_24,Leon,0.6595155709342561
2014,I_25,Lleida,0.7678321678321678
2014,I_26,La Rioja,0.639751552795031
2014,I_27,Lugo,0.6160896130346232
2014,I_28,Madrid,0.6785639302960319
2014,I_29,Malaga,0.6831305611040493
2014,I_30,Murcia,0.588949605343048
2014,I_31,Navarra,0.6963824289405685
2014,I_32,Ourense,0.6317647058823529
2014,I_33,Asturias,0.6921341979137299
2014,I_34,Palencia,0.5963855421686747
2014,I_35,Las Palmas,0.782520911450822
2014,I_36,Pontevedra,0.7090233186887462
2014,I_37,Salamanca,0.5638200183654729
2014,I_38,Canarias,0.7679433537174123
2014,I_39,Cantabria,0.7067238912732475
2014,I_40,Segovia,0.6043956043956044
2014,I_41,Sevilla,0.55922598479613
2014,I_42,Soria,0.7047244094488189
2014,I_43,Tarragona,0.8111353711790393
2014,I_44,Teruel,0.6550925925925926
2014,I_45,Toledo,0.5364963503649635
2014,I_46,Valencia,0.77583666596506
2014,I_47,Valladolid,0.615553121577218
2014,I_48,Bizkaia,0.7790824685963954
2014,I_49,Zamora,0.5919811320754716
2014,I_50,Zaragoza,0.5924734641363782
2014,I_51,Ceuta,0.5620253164556962
2014,I_52,Melilla,0.7975077881619937
2015,I_01,Alava,0.7726141078838175
2015,I_02,Albacete,0.6145910095799558
2015,I_03,Alicante,0.7361653645833334
2015,I_04,Almeria,0.6311822892133773
2015,I_05,Avila,0.555045871559633
2015,I_06,Badajoz,0.5241830065359477
2015,I_07,Illes Balears,0.8308157099697885
2015,I_08,Barcelona,0.8480895143164272
2015,I_09,Burgos,0.6567299006323396
2015,I_10,Caceres,0.5738539898132428
2015,I_11,Cadiz,0.6243034719245607
2015,I_12,Castellon,0.7360905957656327
2015,I_13,Ciudad Real,0.5057125676488274
2015,I_14,Cordoba,0.49488677867056247
2015,I_15,A Coruna,0.7278390033540968
2015,I_16,Cuenca,0.5685279187817259
2015,I_17,Girona,0.8526570048309179
2015,I_18,Granada,0.5838800374882849
2015,I_19,Guadalajara,0.7001953125
2015,I_20,Gipuzkoa,0.7872
2015,I_21,Huelva,0.5924871940808196
2015,I_22,Huesca,0.6759410801963993
2015,I_23,Jaen,0.4201018990273275
2015,I_24,Leon,0.6864535768645358
2015,I_25,Lleida,0.797003745318352
2015,I_26,La Rioja,0.6688311688311688
2015,I_27,Lugo,0.6962283384301733
2015,I_28,Madrid,0.6937905685461797
2015,I_29,Malaga,0.6840996840996841
2015,I_30,Murcia,0.6004081632653061
2015,I_31,Navarra,0.7550637659414854
2015,I_32,Ourense,0.6794258373205742
2015,I_33,Asturias,0.7232117613797003
2015,I_34,Palencia,0.6214574898785425
2015,I_35,Las Palmas,0.8007136975020588
2015,I_36,Pontevedra,0.738849584743156
2015,I_37,Salamanca,0.6140018921475875
2015,I_38,Canarias,0.7628614916286149
2015,I_39,Cantabria,0.7303579730357973
2015,I_40,Segovia,0.6339622641509434
2015,I_41,Sevilla,0.5699434136070536
2015,I_42,Soria,0.6352459016393442
2015,I_43,Tarragona,0.8330452817144832
2015,I_44,Teruel,0.662269129287599
2015,I_45,Toledo,0.5595770638470923
2015,I_46,Valencia,0.7860767201136595
2015,I_47,Valladolid,0.6261785912368275
2015,I_48,Bizkaia,0.7985318107667211
2015,I_49,Zamora,0.5920745920745921
2015,I_50,Zaragoza,0.6287009063444109
2015,I_51,Ceuta,0.5707547169811321
2015,I_52,Melilla,0.7491408934707904
2016,I_01,Alava,0.8045977011494253
2016,I_02,Albacete,0.6382085374387684
2016,I_03,Alicante,0.7683106910809214
2016,I_04,Almeria,0.6479500891265597
2016,I_05,Avila,0.6004273504273504
2016,I_06,Badajoz,0.5351512569237324
2016,I_07,Illes Balears,0.8377183750789308
2016,I_08,Barcelona,0.8603405221339387
2016,I_09,Burgos,0.6663619744058501
2016,I_10,Caceres,0.6204208885424786
2016,I_11,Cadiz,0.6375573155481451
2016,I_12,Castellon,0.7448579823702253
2016,I_13,Ciudad Real,0.5249569707401033
2016,I_14,Cordoba,0.5261231281198003
2016,I_15,A Coruna,0.7578871892925431
2016,I_16,Cuenca,0.5944954128440367
2016,I_17,Girona,0.863652295828952
2016,I_18,Granada,0.6056424409690279
2016,I_19,Guadalajara,0.6817733990147783
2016,I_20,Gipuzkoa,0.8132341425215348
2016,I_21,Huelva,0.6070675105485233
2016,I_22,Huesca,0.6995645863570392
2016,I_23,Jaen,0.43152796125055043
2016,I_24,Leon,0.7159172019985724
2016,I_25,Lleida,0.8040955631399317
2016,I_26,La Rioja,0.697391304347826
2016,I_27,Lugo,0.7195817490494296
2016,I_28,Madrid,0.7060045389852675
2016,I_29,Malaga,0.702697998259356
2016,I_30,Murcia,0.6266177322773807
2016,I_31,Navarra,0.7465951300041271
2016,I_32,Ourense,0.6930455635491607
2016,I_33,Asturias,0.7343708076200698
2016,I_34,Palencia,0.6261682242990654
2016,I_35,Las Palmas,0.802547770700637
2016,I_36,Pontevedra,0.7651858567543064
2016,I_37,Salamanca,0.6176470588235294
2016,I_38,Canarias,0.7669454860109605
2016,I_39,Cantabria,0.7442579505300353
2016,I_40,Segovia,0.6448979591836734
2016,I_41,Sevilla,0.6034285714285714
2016,I_42,Soria,0.6886446886446886
2016,I_43,Tarragona,0.8306772908366534
2016,I_44,Teruel,0.6804123711340206
2016,I_45,Toledo,0.5899581589958159
2016,I_46,Valencia,0.7984181908057341
2016,I_47,Valladolid,0.6780515117581187
2016,I_48,Bizkaia,0.8234989648033126
2016,I_49,Zamora,0.6124721603563474
2016,I_50,Zaragoza,0.6672640382317802
2016,I_51,Ceuta,0.607645875251509
2016,I_52,Melilla,0.8115577889447236
2017,I_01,Alava,0.828440366972477
2017,I_02,Albacete,0.6442516268980477
2017,I_03,Alicante,0.7911429406606255
2017,I_04,Almeria,0.6732446076181735
2017,I_05,Avila,0.5990888382687927
2017,I_06,Badajoz,0.5603411513859275
2017,I_07,Illes Balears,0.8488421052631578
2017,I_08,Barcelona,0.875362056480811
2017,I_09,Burgos,0.6908296943231441
2017,I_10,Caceres,0.6362862010221465
2017,I_11,Cadiz,0.6720563847429519
2017,I_12,Castellon,0.7611867704280155
2017,I_13,Ciudad Real,0.5723645026801668
2017,I_14,Cordoba,0.5475285171102662
2017,I_15,A Coruna,0.7802037845705968
2017,I_16,Cuenca,0.5831663326653307
2017,I_17,Girona,0.8717504332755632
2017,I_18,Granada,0.6409856519026824
2017,I_19,Guadalajara,0.7481636935991606
2017,I_20,Gipuzkoa,0.8332078313253012
2017,I_21,Huelva,0.6186291739894552
2017,I_22,Huesca,0.7191011235955056
2017,I_23,Jaen,0.47920277296360486
2017,I_24,Leon,0.7471988795518207
2017,I_25,Lleida,0.8206026629292221
2017,I_26,La Rioja,0.730732635585157
2017,I_27,Lugo,0.7582005623242737
2017,I_28,Madrid,0.7281722258725312
2017,I_29,Malaga,0.7353887853633746
2017,I_30,Murcia,0.6550335570469799
2017,I_31,Navarra,0.7570815450643776
2017,I_32,Ourense,0.7043269230769231
2017,I_33,Asturias,0.7696752889378096
2017,I_34,Palencia,0.6633663366336634
2017,I_35,Las Palmas,0.8145812310797175
2017,I_36,Pontevedra,0.7893447642375995
2017,I_37,Salamanca,0.6324472960586618
2017,I_38,Canarias,0.7857738260627952
2017,I_39,Cantabria,0.759075907590759
2017,I_40,Segovia,0.6899641577060932
2017,I_41,Sevilla,0.6409947853991176
2017,I_42,Soria,0.7110266159695817
2017,I_43,Tarragona,0.8469422617014007
2017,I_44,Teruel,0.6809045226130653
2017,I_45,Toledo,0.6445714285714286
2017,I_46,Valencia,0.806746888820323
2017,I_47,Valladolid,0.6818181818181818
2017,I_48,Bizkaia,0.845438097699664
2017,I_49,Zamora,0.6428571428571429
2017,I_50,Zaragoza,0.7042468683165292
2017,I_51,Ceuta,0.5424107142857143
2017,I_52,Melilla,0.821917808219178
2018,I_01,Alava,0.8488372093023255
2018,I_02,Albacete,0.6669242658423493
2018,I_03,Alicante,0.8072788697788698
2018,I_04,Almeria,0.6764436296975253
2018,I_05,Avila,0.5653153153153153
2018,I_06,Badajoz,0.5937358147980027
2018,I_07,Illes Balears,0.8696194635059263
2018,I_08,Barcelona,0.8850359712230216
2018,I_09,Burgos,0.7026515151515151
2018,I_10,Caceres,0.6820194862710364
2018,I_11,Cadiz,0.6918169819621646
2018,I_12,Castellon,0.802787816210635
2018,I_13,Ciudad Real,0.5906466512702079
2018,I_14,Cordoba,0.5357142857142857
2018,I_15,A Coruna,0.7913286004056795
2018,I_16,Cuenca,0.6108202443280978
2018,I_17,Girona,0.8944209039548022
2018,I_18,Granada,0.6486751717369971
2018,I_19,Guadalajara,0.7645875251509054
2018,I_20,Gipuzkoa,0.8657008613938919
2018,I_21,Huelva,0.6420488385944014
2018,I_22,Huesca,0.7416267942583732
2018,I_23,Jaen,0.48869565217391303
2018,I_24,Leon,0.7639705882352941
2018,I_25,Lleida,0.8216136195410807
2018,I_26,La Rioja,0.761612620508326
2018,I_27,Lugo,0.7720659553831232
2018,I_28,Madrid,0.7366379832747546
2018,I_29,Malaga,0.7719019918914155
2018,I_30,Murcia,0.6814701378254211
2018,I_31,Navarra,0.7509523809523809
2018,I_32,Ourense,0.7245989304812834
2018,I_33,Asturias,0.7841726618705036
2018,I_34,Palencia,0.6494845360824743
2018,I_35,Las Palmas,0.8326771653543307
2018,I_36,Pontevedra,0.7786547700754975
2018,I_37,Salamanca,0.6703741152679474
2018,I_38,Canarias,0.8020179983637851
2018,I_39,Cantabria,0.7827324478178368
2018,I_40,Segovia,0.6494845360824743
2018,I_41,Sevilla,0.6625149065853981
2018,I_42,Soria,0.740072202166065
2018,I_43,Tarragona,0.8680221811460259
2018,I_44,Teruel,0.7704485488126649
2018,I_45,Toledo,0.6501945525291829
2018,I_46,Valencia,0.8259109311740891
2018,I_47,Valladolid,0.7335329341317365
2018,I_48,Bizkaia,0.8635120350109409
2018,I_49,Zamora,0.7177033492822966
2018,I_50,Zaragoza,0.7120202981287662
2018,I_51,Ceuta,0.5127610208816705
2018,I_52,Melilla,0.79375
2019,I_01,Alava,0.8507751937984496
2019,I_02,Albacete,0.6905537459283387
2019,I_03,Alicante,0.8263732733697398
2019,I_04,Almeria,0.7280783582089553
2019,I_05,Avila,0.6681715575620768
2019,I_06,Badajoz,0.6321735201084501
2019,I_07,Illes Balears,0.8823297914207006
2019,I_08,Barcelona,0.896180363343566
2019,I_09,Burgos,0.7769447047797563
2019,I_10,Caceres,0.7016769638128861
2019,I_11,Cadiz,0.7153662420382165
2019,I_12,Castellon,0.8173493975903614
2019,I_13,Ciudad Real,0.6325553560742071
2019,I_14,Cordoba,0.6035587188612099
2019,I_15,A Coruna,0.8330494037478705
2019,I_16,Cuenca,0.6491862567811935
2019,I_17,Girona,0.8981001727115717
2019,I_18,Granada,0.6932496075353218
2019,I_19,Guadalajara,0.7942681678607983
2019,I_20,Gipuzkoa,0.8730964467005076
2019,I_21,Huelva,0.6957928802588996
2019,I_22,Huesca,0.7994310099573257
2019,I_23,Jaen,0.5287253141831239
2019,I_24,Leon,0.7772511848341233
2019,I_25,Lleida,0.8620188816267248
2019,I_26,La Rioja,0.7663384064458371
2019,I_27,Lugo,0.8155533399800599
2019,I_28,Madrid,0.7721091205211726
2019,I_29,Malaga,0.7828195358503637
2019,I_30,Murcia,0.7099941095621441
2019,I_31,Navarra,0.8023696682464455
2019,I_32,Ourense,0.7860411899313501
2019,I_33,Asturias,0.7963407318536293
2019,I_34,Palencia,0.6926503340757239
2019,I_35,Las Palmas,0.8684337349397591
2019,I_36,Pontevedra,0.8355754857997011
2019,I_37,Salamanca,0.6890495867768595
2019,I_38,Canarias,0.8432122370936902
2019,I_39,Cantabria,0.806
2019,I_40,Segovia,0.6765249537892791
2019,I_41,Sevilla,0.7025922615247094
2019,I_42,Soria,0.776173285198556
2019,I_43,Tarragona,0.8866237482117311
2019,I_44,Teruel,0.7513513513513513
2019,I_45,Toledo,0.6628683693516699
2019,I_46,Valencia,0.8551933282789992
2019,I_47,Valladolid,0.7252681764004768
2019,I_48,Bizkaia,0.8828878478919813
2019,I_49,Zamora,0.7110552763819096
2019,I_50,Zaragoza,0.7354972375690608
2019,I_51,Ceuta,0.5818540433925049
2019,I_52,Melilla,0.8360128617363344
2020,I_01,Alava,0.9441340782122905
2020,I_02,Albacete,0.8800705467372134
2020,I_03,Alicante,0.9232313095835424
2020,I_04,Almeria,0.8950042337002541
2020,I_05,Avila,0.8940677966101694
2020,I_06,Badajoz,0.8638589618021547
2020,I_07,Illes Balears,0.9263513513513514
2020,I_08,Barcelona,0.9298876798876798
2020,I_09,Burgos,0.8625954198473282
2020,I_10,Caceres,0.875222816399287
2020,I_11,Cadiz,0.892799352750809
2020,I_12,Castellon,0.9202772963604853
2020,I_13,Ciudad Real,0.8526315789473684
2020,I_14,Cordoba,0.8259803921568627
2020,I_15,A Coruna,0.9061859893486276
2020,I_16,Cuenca,0.8902439024390244
2020,I_17,Girona,0.9482968369829684
2020,I_18,Granada,0.8669328010645376
2020,I_19,Guadalajara,0.8899253731343284
2020,I_20,Gipuzkoa,0.931185944363104
2020,I_21,Huelva,0.86328125
2020,I_22,Huesca,0.9275766016713092
2020,I_23,Jaen,0.7946308724832215
2020,I_24,Leon,0.9018492176386913
2020,I_25,Lleida,0.9305882352941176
2020,I_26,La Rioja,0.9052969502407705
2020,I_27,Lugo,0.9141965678627145
2020,I_28,Madrid,0.8358657925183185
2020,I_29,Malaga,0.9056662515566625
2020,I_30,Murcia,0.8653774637411678
2020,I_31,Navarra,0.904507257448434
2020,I_32,Ourense,0.8811881188118812
2020,I_33,Asturias,0.8967009194159005
2020,I_34,Palencia,0.8826530612244898
2020,I_35,Las Palmas,0.9365141955835962
2020,I_36,Pontevedra,0.9103448275862069
2020,I_37,Salamanca,0.8954423592493298
2020,I_38,Canarias,0.909558508358337
2020,I_39,Cantabria,0.9179755671902269
2020,I_40,Segovia,0.9090909090909091
2020,I_41,Sevilla,0.8576297850026219
2020,I_42,Soria,0.9261744966442953
2020,I_43,Tarragona,0.9390519187358917
2020,I_44,Teruel,0.9153846153846154
2020,I_45,Toledo,0.8613861386138614
2020,I_46,Valencia,0.9146628096185139
2020,I_47,Valladolid,0.8972691807542262
2020,I_48,Bizkaia,0.9464831804281345
2020,I_49,Zamora,0.9247311827956989
2020,I_50,Zaragoza,0.8505402160864346
2020,I_51,Ceuta,0.6459143968871596
2020,I_52,Melilla,0.930379746835443
2021,I_01,Alava,0.9223404255319149
2021,I_02,Albacete,0.7710622710622711
2021,I_03,Alicante,0.8753982894516183
2021,I_04,Almeria,0.8134249471458774
2021,I_05,Avila,0.7979274611398963
2021,I_06,Badajoz,0.7355110642781876
2021,I_07,Illes Balears,0.9087783635113454
2021,I_08,Barcelona,0.9069848661233993
2021,I_09,Burgos,0.8601036269430051
2021,I_10,Caceres,0.8336755646817249
2021,I_11,Cadiz,0.8023094688221709
2021,I_12,Castellon,0.8874276696475539
2021,I_13,Ciudad Real,0.7043650793650794
2021,I_14,Cordoba,0.6891011723838472
2021,I_15,A Coruna,0.8860724993186154
2021,I_16,Cuenca,0.7848605577689243
2021,I_17,Girona,0.929588303193536
2021,I_18,Granada,0.7523675903191862
2021,I_19,Guadalajara,0.8341013824884793
2021,I_20,Gipuzkoa,0.9126436781609195
2021,I_21,Huelva,0.7700534759358288
2021,I_22,Huesca,0.8696883852691218
2021,I_23,Jaen,0.6056931997891407
2021,I_24,Leon,0.8612012987012987
2021,I_25,Lleida,0.8845843422114609
2021,I_26,La Rioja,0.8477366255144033
2021,I_27,Lugo,0.8948521358159912
2021,I_28,Madrid,0.7712342253647185
2021,I_29,Malaga,0.8339440694310511
2021,I_30,Murcia,0.786036036036036
2021,I_31,Navarra,0.8361981799797775
2021,I_32,Ourense,0.8847980997624703
2021,I_33,Asturias,0.8513879485443466
2021,I_34,Palencia,0.7645631067961165
2021,I_35,Las Palmas,0.9046557011430164
2021,I_36,Pontevedra,0.911023879620543
2021,I_37,Salamanca,0.8031704095112285
2021,I_38,Canarias,0.8955959347089621
2021,I_39,Cantabria,0.8489170628631801
2021,I_40,Segovia,0.779126213592233
2021,I_41,Sevilla,0.7555719557195572
2021,I_42,Soria,0.859504132231405
2021,I_43,Tarragona,0.9287650019357336
2021,I_44,Teruel,0.8833333333333333
2021,I_45,Toledo,0.7369093231162197
2021,I_46,Valencia,0.8775909719023491
2021,I_47,Valladolid,0.7768361581920904
2021,I_48,Bizkaia,0.900980060831362
2021,I_49,Zamora,0.7983193277310925
2021,I_50,Zaragoza,0.802775984506133
2021,I_51,Ceuta,0.5509259259259259
2021,I_52,Melilla,0.801980198019802
2022,I_01,Alava,0.9013157894736842
2022,I_02,Albacete,0.7007407407407408
2022,I_03,Alicante,0.8535887903917644
2022,I_04,Almeria,0.7745735174654752
2022,I_05,Avila,0.7607223476297968
2022,I_06,Badajoz,0.6749265014699706
2022,I_07,Illes Balears,0.8905359179019384
2022,I_08,Barcelona,0.8971585981737489
2022,I_09,Burgos,0.7975746268656716
2022,I_10,Caceres,0.7883031301482701
2022,I_11,Cadiz,0.7565801754713459
2022,I_12,Castellon,0.8477135461604832
2022,I_13,Ciudad Real,0.691391445587439
2022,I_14,Cordoba,0.6023427866831073
2022,I_15,A Coruna,0.8677088194120391
2022,I_16,Cuenca,0.6873015873015873
2022,I_17,Girona,0.9245098039215687
2022,I_18,Granada,0.7268085106382979
2022,I_19,Guadalajara,0.8130841121495327
2022,I_20,Gipuzkoa,0.9106617647058823
2022,I_21,Huelva,0.7431693989071039
2022,I_22,Huesca,0.8223039215686274
2022,I_23,Jaen,0.5520542481053051
2022,I_24,Leon,0.8279411764705882
2022,I_25,Lleida,0.8957632817753867
2022,I_26,La Rioja,0.814662273476112
2022,I_27,Lugo,0.8472762645914397
2022,I_28,Madrid,0.7655720377592302
2022,I_29,Malaga,0.7926356589147286
2022,I_30,Murcia,0.7479814464868579
2022,I_31,Navarra,0.8145667643365425
2022,I_32,Ourense,0.8507625272331155
2022,I_33,Asturias,0.8141078838174274
2022,I_34,Palencia,0.7672413793103449
2022,I_35,Las Palmas,0.8789512374418035
2022,I_36,Pontevedra,0.887057387057387
2022,I_37,Salamanca,0.7296726504751848
2022,I_38,Canarias,0.8582741671217914
2022,I_39,Cantabria,0.8477251624883937
2022,I_40,Segovia,0.7884231536926147
2022,I_41,Sevilla,0.7039046832605875
2022,I_42,Soria,0.8333333333333334
2022,I_43,Tarragona,0.9057627118644068
2022,I_44,Teruel,0.8049792531120332
2022,I_45,Toledo,0.7234113712374582
2022,I_46,Valencia,0.8613097478359052
2022,I_47,Valladolid,0.7707399103139013
2022,I_48,Bizkaia,0.8925641704154538
2022,I_49,Zamora,0.7880184331797235
2022,I_50,Zaragoza,0.7765042979942693
2022,I_51,Ceuta,0.43947858472998136
2022,I_52,Melilla,0.8358974358974359
2023,I_01,Alava,0.8879837067209776
2023,I_02,Albacete,0.7684537684537684
2023,I_03,Alicante,0.8599128212836314
2023,I_04,Almeria,0.8016913319238901
2023,I_05,Avila,0.780040733197556
2023,I_06,Badajoz,0.7097661623108665
2023,I_07,Illes Balears,0.9089061345158906
2023,I_08,Barcelona,0.9002171388173509
2023,I_09,Burgos,0.8104166666666667
2023,I_10,Caceres,0.7888307155322862
2023,I_11,Cadiz,0.7667329357190192
2023,I_12,Castellon,0.8650904033379694
2023,I_13,Ciudad Real,0.6973004020677771
2023,I_14,Cordoba,0.6470778172424927
2023,I_15,A Coruna,0.8719435341567936
2023,I_16,Cuenca,0.7438423645320197
2023,I_17,Girona,0.9270401106500692
2023,I_18,Granada,0.7426400759734093
2023,I_19,Guadalajara,0.8257874015748031
2023,I_20,Gipuzkoa,0.9173824130879346
2023,I_21,Huelva,0.7350705754614549
2023,I_22,Huesca,0.860969387755102
2023,I_23,Jaen,0.5855614973262032
2023,I_24,Leon,0.8354430379746836
2023,I_25,Lleida,0.8942917547568711
2023,I_26,La Rioja,0.8442477876106195
2023,I_27,Lugo,0.8751238850346879
2023,I_28,Madrid,0.7908927501497903
2023,I_29,Malaga,0.8300708741140735
2023,I_30,Murcia,0.7618874773139745
2023,I_31,Navarra,0.8478162989644304
2023,I_32,Ourense,0.844578313253012
2023,I_33,Asturias,0.8407789232531501
2023,I_34,Palencia,0.7734939759036145
2023,I_35,Las Palmas,0.8924944265543721
2023,I_36,Pontevedra,0.8758535071384234
2023,I_37,Salamanca,0.7466814159292036
2023,I_38,Canarias,0.8478847884788479
2023,I_39,Cantabria,0.8587112171837709
2023,I_40,Segovia,0.7164835164835165
2023,I_41,Sevilla,0.7312105195307465
2023,I_42,Soria,0.8264462809917356
2023,I_43,Tarragona,0.9218009478672986
2023,I_44,Teruel,0.8226164079822617
2023,I_45,Toledo,0.7549234135667396
2023,I_46,Valencia,0.87261824160944
2023,I_47,Valladolid,0.7745159275452842
2023,I_48,Bizkaia,0.9040022390148335
2023,I_49,Zamora,0.7864583333333334
2023,I_50,Zaragoza,0.7979917306556409
2023,I_51,Ceuta,0.6946107784431138
2023,I_52,Melilla,0.8801169590643275
2024,I_01,Alava,0.9369287020109689
2024,I_02,Albacete,0.7628951747088186
2024,I_03,Alicante,0.8674481514878268
2024,I_04,Almeria,0.8204704911267025
2024,I_05,Avila,0.7687224669603524
2024,I_06,Badajoz,0.7366892545982575
2024,I_07,Illes Balears,0.9146658014276444
2024,I_08,Barcelona,0.9076802199960715
2024,I_09,Burgos,0.8254122211445198
2024,I_10,Caceres,0.7931960608773501
2024,I_11,Cadiz,0.7870535714285715
2024,I_12,Castellon,0.8858407079646018
2024,I_13,Ciudad Real,0.7004889975550123
2024,I_14,Cordoba,0.6629741524001342
2024,I_15,A Coruna,0.8929483903934594
2024,I_16,Cuenca,0.7676282051282052
2024,I_17,Girona,0.9382226627023456
2024,I_18,Granada,0.7707879165369044
2024,I_19,Guadalajara,0.861652739090065
2024,I_20,Gipuzkoa,0.9231378763866878
2024,I_21,Huelva,0.7881401617250674
2024,I_22,Huesca,0.8908629441624365
2024,I_23,Jaen,0.5947990543735224
2024,I_24,Leon,0.8524727577535625
2024,I_25,Lleida,0.9146174863387978
2024,I_26,La Rioja,0.8660159716060337
2024,I_27,Lugo,0.8787593984962406
2024,I_28,Madrid,0.7999319496427356
2024,I_29,Malaga,0.8403957131079967
2024,I_30,Murcia,0.7814710042432814
2024,I_31,Navarra,0.8442659526996876
2024,I_32,Ourense,0.8815489749430524
2024,I_33,Asturias,0.8549119818285066
2024,I_34,Palencia,0.795045045045045
2024,I_35,Las Palmas,0.894786064998831
2024,I_36,Pontevedra,0.8951467944877172
2024,I_37,Salamanca,0.7694090382387022
2024,I_38,Canarias,0.8592762780011488
2024,I_39,Cantabria,0.8827872634979234
2024,I_40,Segovia,0.7837837837837838
2024,I_41,Sevilla,0.7363196742173581
2024,I_42,Soria,0.8192307692307692
2024,I_43,Tarragona,0.9161355249916135
2024,I_44,Teruel,0.8217592592592593
2024,I_45,Toledo,0.7668231611893583
2024,I_46,Valencia,0.8778595974472263
2024,I_47,Valladolid,0.8098229583095374
2024,I_48,Bizkaia,0.9201216141514649
2024,I_49,Zamora,0.7834224598930482
2024,I_50,Zaragoza,0.8073870573870574
2024,I_51,Ceuta,0.7422680412371134
2024,I_52,Melilla,0.8069164265129684
