year,harmonised_code,harmonised_name,marriages_civil,marriages_religious
1996,I_01,Alava,405.0,925.0
1996,I_02,Albacete,224.0,1482.0
1996,I_03,Alicante,1511.0,5308.0
1996,I_04,Almeria,449.0,2134.0
1996,I_05,Avila,86.0,513.0
1996,I_06,Badajoz,357.0,2609.0
1996,I_07,Illes Balears,1245.0,2898.0
1996,I_08,Barcelona,7655.0,16679.0
1996,I_09,Burgos,208.0,1235.0
1996,I_10,Caceres,244.0,1551.0
1996,I_11,Cadiz,1000.0,4587.0
1996,I_12,Castellon,511.0,2003.0
1996,I_13,Ciudad Real,217.0,2077.0
1996,I_14,Cordoba,425.0,3442.0
1996,I_15,A Coruna,1011.0,3840.0
1996,I_16,Cuenca,86.0,766.0
1996,I_17,Girona,707.0,1807.0
1996,I_18,Granada,717.0,3360.0
1996,I_19,Guadalajara,154.0,650.0
1996,I_20,Gipuzkoa,877.0,2270.0
1996,I_21,Huelva,369.0,1794.0
1996,I_22,Huesca,138.0,691.0
1996,I_23,Jaen,294.0,2787.0
1996,I_24,Leon,405.0,1505.0
1996,I_25,Lleida,383.0,1281.0
1996,I_26,La Rioja,257.0,1013.0
1996,I_27,Lugo,218.0,1123.0
1996,I_28,Madrid,6936.0,18837.0
1996,I_29,Malaga,1409.0,4425.0
1996,I_30,Murcia,936.0,4978.0
1996,I_31,Navarra,582.0,2132.0
1996,I_32,Ourense,273.0,1028.0
1996,I_33,Asturias,1197.0,3204.0
1996,I_34,Palencia,142.0,561.0
1996,I_35,Las Palmas,1324.0,2728.0
1996,I_36,Pontevedra,837.0,3221.0
1996,I_37,Salamanca,221.0,1185.0
1996,I_38,Canarias,1061.0,2557.0
1996,I_39,Cantabria,559.0,1810.0
1996,I_40,Segovia,110.0,531.0
1996,I_41,Sevilla,1522.0,7383.0
1996,I_42,Soria,62.0,281.0
1996,I_43,Tarragona,778.0,2115.0
1996,I_44,Teruel,81.0,435.0
1996,I_45,Toledo,256.0,2182.0
1996,I_46,Valencia,2691.0,8709.0
1996,I_47,Valladolid,379.0,1766.0
1996,I_48,Bizkaia,1411.0,3498.0
1996,I_49,Zamora,107.0,621.0
1996,I_50,Zaragoza,868.0,3195.0
1996,I_51,Ceuta,190.0,161.0
1996,I_52,Melilla,270.0,134.0
1997,I_01,Alava,428.0,955.0
1997,I_02,Albacete,270.0,1514.0
1997,I_03,Alicante,1595.0,5652.0
1997,I_04,Almeria,388.0,2197.0
1997,I_05,Avila,80.0,531.0
1997,I_06,Badajoz,421.0,2707.0
1997,I_07,Illes Balears,1314.0,2802.0
1997,I_08,Barcelona,8009.0,16185.0
1997,I_09,Burgos,240.0,1187.0
1997,I_10,Caceres,310.0,1517.0
1997,I_11,Cadiz,1082.0,4514.0
1997,I_12,Castellon,449.0,1910.0
1997,I_13,Ciudad Real,237.0,1952.0
1997,I_14,Cordoba,460.0,3376.0
1997,I_15,A Coruna,1109.0,3779.0
1997,I_16,Cuenca,87.0,689.0
1997,I_17,Girona,742.0,1730.0
1997,I_18,Granada,710.0,3433.0
1997,I_19,Guadalajara,153.0,694.0
1997,I_20,Gipuzkoa,937.0,2166.0
1997,I_21,Huelva,350.0,1872.0
1997,I_22,Huesca,148.0,655.0
1997,I_23,Jaen,338.0,2889.0
1997,I_24,Leon,450.0,1522.0
1997,I_25,Lleida,378.0,1249.0
1997,I_26,La Rioja,287.0,1035.0
1997,I_27,Lugo,251.0,1071.0
1997,I_28,Madrid,6740.0,19708.0
1997,I_29,Malaga,1463.0,4577.0
1997,I_30,Murcia,1043.0,5160.0
1997,I_31,Navarra,587.0,1967.0
1997,I_32,Ourense,251.0,973.0
1997,I_33,Asturias,1231.0,3317.0
1997,I_34,Palencia,135.0,561.0
1997,I_35,Las Palmas,1278.0,2703.0
1997,I_36,Pontevedra,850.0,3279.0
1997,I_37,Salamanca,227.0,1227.0
1997,I_38,Canarias,1152.0,2448.0
1997,I_39,Cantabria,583.0,1770.0
1997,I_40,Segovia,94.0,541.0
1997,I_41,Sevilla,1533.0,7663.0
1997,I_42,Soria,72.0,275.0
1997,I_43,Tarragona,805.0,2139.0
1997,I_44,Teruel,73.0,396.0
1997,I_45,Toledo,292.0,2207.0
1997,I_46,Valencia,2669.0,8878.0
1997,I_47,Valladolid,405.0,1625.0
1997,I_48,Bizkaia,1404.0,3629.0
1997,I_49,Zamora,111.0,625.0
1997,I_50,Zaragoza,812.0,3411.0
1997,I_51,Ceuta,170.0,173.0
1997,I_52,Melilla,297.0,130.0
1998,I_01,Alava,491.0,922.0
1998,I_02,Albacete,298.0,1504.0
1998,I_03,Alicante,1731.0,5762.0
1998,I_04,Almeria,481.0,2202.0
1998,I_05,Avila,77.0,556.0
1998,I_06,Badajoz,392.0,2802.0
1998,I_07,Illes Balears,1441.0,2961.0
1998,I_08,Barcelona,8341.0,17402.0
1998,I_09,Burgos,269.0,1228.0
1998,I_10,Caceres,297.0,1521.0
1998,I_11,Cadiz,1212.0,4607.0
1998,I_12,Castellon,571.0,2069.0
1998,I_13,Ciudad Real,269.0,2012.0
1998,I_14,Cordoba,489.0,3645.0
1998,I_15,A Coruna,1134.0,3689.0
1998,I_16,Cuenca,107.0,722.0
1998,I_17,Girona,748.0,1669.0
1998,I_18,Granada,726.0,3440.0
1998,I_19,Guadalajara,174.0,686.0
1998,I_20,Gipuzkoa,1083.0,2197.0
1998,I_21,Huelva,385.0,2068.0
1998,I_22,Huesca,195.0,666.0
1998,I_23,Jaen,329.0,2921.0
1998,I_24,Leon,443.0,1482.0
1998,I_25,Lleida,419.0,1244.0
1998,I_26,La Rioja,277.0,1032.0
1998,I_27,Lugo,251.0,1094.0
1998,I_28,Madrid,7399.0,21323.0
1998,I_29,Malaga,1570.0,4941.0
1998,I_30,Murcia,1071.0,5338.0
1998,I_31,Navarra,637.0,2099.0
1998,I_32,Ourense,277.0,1032.0
1998,I_33,Asturias,1271.0,3357.0
1998,I_34,Palencia,137.0,473.0
1998,I_35,Las Palmas,1358.0,2777.0
1998,I_36,Pontevedra,1020.0,3396.0
1998,I_37,Salamanca,259.0,1203.0
1998,I_38,Canarias,1238.0,2718.0
1998,I_39,Cantabria,664.0,1857.0
1998,I_40,Segovia,139.0,513.0
1998,I_41,Sevilla,1736.0,7936.0
1998,I_42,Soria,67.0,314.0
1998,I_43,Tarragona,921.0,2193.0
1998,I_44,Teruel,70.0,443.0
1998,I_45,Toledo,319.0,2242.0
1998,I_46,Valencia,3053.0,9569.0
1998,I_47,Valladolid,435.0,1825.0
1998,I_48,Bizkaia,1597.0,3760.0
1998,I_49,Zamora,119.0,586.0
1998,I_50,Zaragoza,918.0,3466.0
1998,I_51,Ceuta,152.0,162.0
1998,I_52,Melilla,300.0,151.0
1999,I_01,Alava,440.0,911.0
1999,I_02,Albacete,307.0,1565.0
1999,I_03,Alicante,1755.0,5771.0
1999,I_04,Almeria,519.0,2225.0
1999,I_05,Avila,81.0,527.0
1999,I_06,Badajoz,448.0,2758.0
1999,I_07,Illes Balears,1534.0,2969.0
1999,I_08,Barcelona,8137.0,16841.0
1999,I_09,Burgos,260.0,1142.0
1999,I_10,Caceres,233.0,1621.0
1999,I_11,Cadiz,1200.0,4905.0
1999,I_12,Castellon,624.0,1990.0
1999,I_13,Ciudad Real,267.0,1995.0
1999,I_14,Cordoba,546.0,3657.0
1999,I_15,A Coruna,1177.0,3796.0
1999,I_16,Cuenca,109.0,690.0
1999,I_17,Girona,730.0,1547.0
1999,I_18,Granada,744.0,3461.0
1999,I_19,Guadalajara,197.0,761.0
1999,I_20,Gipuzkoa,997.0,2233.0
1999,I_21,Huelva,404.0,2106.0
1999,I_22,Huesca,174.0,637.0
1999,I_23,Jaen,366.0,2940.0
1999,I_24,Leon,460.0,1501.0
1999,I_25,Lleida,487.0,1295.0
1999,I_26,La Rioja,314.0,981.0
1999,I_27,Lugo,290.0,1003.0
1999,I_28,Madrid,7462.0,21589.0
1999,I_29,Malaga,1622.0,5219.0
1999,I_30,Murcia,1125.0,5529.0
1999,I_31,Navarra,642.0,2199.0
1999,I_32,Ourense,305.0,975.0
1999,I_33,Asturias,1357.0,3378.0
1999,I_34,Palencia,147.0,563.0
1999,I_35,Las Palmas,1287.0,2910.0
1999,I_36,Pontevedra,1007.0,3394.0
1999,I_37,Salamanca,319.0,1216.0
1999,I_38,Canarias,1236.0,2592.0
1999,I_39,Cantabria,689.0,1922.0
1999,I_40,Segovia,139.0,519.0
1999,I_41,Sevilla,1716.0,8052.0
1999,I_42,Soria,70.0,292.0
1999,I_43,Tarragona,964.0,2190.0
1999,I_44,Teruel,96.0,417.0
1999,I_45,Toledo,336.0,2350.0
1999,I_46,Valencia,3020.0,9338.0
1999,I_47,Valladolid,461.0,1886.0
1999,I_48,Bizkaia,1484.0,3736.0
1999,I_49,Zamora,128.0,578.0
1999,I_50,Zaragoza,905.0,3472.0
1999,I_51,Ceuta,138.0,158.0
1999,I_52,Melilla,394.0,152.0
2000,I_01,Alava,440.0,1030.0
2000,I_02,Albacete,319.0,1545.0
2000,I_03,Alicante,1827.0,6171.0
2000,I_04,Almeria,564.0,2250.0
2000,I_05,Avila,93.0,542.0
2000,I_06,Badajoz,474.0,2968.0
2000,I_07,Illes Balears,1531.0,2968.0
2000,I_08,Barcelona,8598.0,17384.0
2000,I_09,Burgos,315.0,1241.0
2000,I_10,Caceres,272.0,1654.0
2000,I_11,Cadiz,1222.0,5297.0
2000,I_12,Castellon,585.0,2280.0
2000,I_13,Ciudad Real,277.0,2114.0
2000,I_14,Cordoba,547.0,3815.0
2000,I_15,A Coruna,1172.0,3867.0
2000,I_16,Cuenca,133.0,671.0
2000,I_17,Girona,761.0,1626.0
2000,I_18,Granada,790.0,3753.0
2000,I_19,Guadalajara,208.0,768.0
2000,I_20,Gipuzkoa,1074.0,2406.0
2000,I_21,Huelva,404.0,2197.0
2000,I_22,Huesca,188.0,667.0
2000,I_23,Jaen,348.0,3055.0
2000,I_24,Leon,480.0,1460.0
2000,I_25,Lleida,456.0,1231.0
2000,I_26,La Rioja,305.0,1134.0
2000,I_27,Lugo,269.0,1020.0
2000,I_28,Madrid,7960.0,22671.0
2000,I_29,Malaga,1721.0,5276.0
2000,I_30,Murcia,1157.0,5785.0
2000,I_31,Navarra,787.0,2182.0
2000,I_32,Ourense,308.0,991.0
2000,I_33,Asturias,1460.0,3474.0
2000,I_34,Palencia,167.0,595.0
2000,I_35,Las Palmas,1274.0,2746.0
2000,I_36,Pontevedra,927.0,3427.0
2000,I_37,Salamanca,324.0,1237.0
2000,I_38,Canarias,1080.0,2478.0
2000,I_39,Cantabria,656.0,2072.0
2000,I_40,Segovia,126.0,518.0
2000,I_41,Sevilla,1687.0,8580.0
2000,I_42,Soria,85.0,238.0
2000,I_43,Tarragona,881.0,2309.0
2000,I_44,Teruel,95.0,452.0
2000,I_45,Toledo,335.0,2388.0
2000,I_46,Valencia,3320.0,9664.0
2000,I_47,Valladolid,502.0,2061.0
2000,I_48,Bizkaia,1586.0,3990.0
2000,I_49,Zamora,124.0,554.0
2000,I_50,Zaragoza,965.0,3660.0
2000,I_51,Ceuta,161.0,161.0
2000,I_52,Melilla,410.0,136.0
2001,I_01,Alava,421.0,868.0
2001,I_02,Albacete,359.0,1410.0
2001,I_03,Alicante,1995.0,5803.0
2001,I_04,Almeria,613.0,2145.0
2001,I_05,Avila,119.0,485.0
2001,I_06,Badajoz,485.0,2819.0
2001,I_07,Illes Balears,1597.0,2729.0
2001,I_08,Barcelona,9176.0,15583.0
2001,I_09,Burgos,300.0,1088.0
2001,I_10,Caceres,295.0,1378.0
2001,I_11,Cadiz,1309.0,5051.0
2001,I_12,Castellon,685.0,1987.0
2001,I_13,Ciudad Real,287.0,2003.0
2001,I_14,Cordoba,592.0,3634.0
2001,I_15,A Coruna,1205.0,3446.0
2001,I_16,Cuenca,106.0,627.0
2001,I_17,Girona,877.0,1505.0
2001,I_18,Granada,785.0,3615.0
2001,I_19,Guadalajara,202.0,712.0
2001,I_20,Gipuzkoa,1158.0,2177.0
2001,I_21,Huelva,451.0,2059.0
2001,I_22,Huesca,200.0,601.0
2001,I_23,Jaen,381.0,2709.0
2001,I_24,Leon,458.0,1299.0
2001,I_25,Lleida,505.0,1121.0
2001,I_26,La Rioja,332.0,1060.0
2001,I_27,Lugo,254.0,878.0
2001,I_28,Madrid,8326.0,21528.0
2001,I_29,Malaga,1859.0,5447.0
2001,I_30,Murcia,1277.0,5253.0
2001,I_31,Navarra,685.0,2009.0
2001,I_32,Ourense,316.0,884.0
2001,I_33,Asturias,1514.0,3257.0
2001,I_34,Palencia,157.0,523.0
2001,I_35,Las Palmas,1418.0,2482.0
2001,I_36,Pontevedra,1005.0,3194.0
2001,I_37,Salamanca,319.0,1142.0
2001,I_38,Canarias,1146.0,2144.0
2001,I_39,Cantabria,741.0,2001.0
2001,I_40,Segovia,103.0,508.0
2001,I_41,Sevilla,1846.0,8174.0
2001,I_42,Soria,82.0,235.0
2001,I_43,Tarragona,1005.0,2133.0
2001,I_44,Teruel,106.0,379.0
2001,I_45,Toledo,402.0,2453.0
2001,I_46,Valencia,3632.0,9094.0
2001,I_47,Valladolid,571.0,1967.0
2001,I_48,Bizkaia,1674.0,3532.0
2001,I_49,Zamora,128.0,490.0
2001,I_50,Zaragoza,1003.0,3422.0
2001,I_51,Ceuta,156.0,170.0
2001,I_52,Melilla,321.0,114.0
2002,I_01,Alava,498.0,907.0
2002,I_02,Albacete,334.0,1404.0
2002,I_03,Alicante,2262.0,5765.0
2002,I_04,Almeria,713.0,2129.0
2002,I_05,Avila,116.0,513.0
2002,I_06,Badajoz,510.0,2638.0
2002,I_07,Illes Balears,1884.0,2697.0
2002,I_08,Barcelona,10308.0,14623.0
2002,I_09,Burgos,412.0,1128.0
2002,I_10,Caceres,299.0,1332.0
2002,I_11,Cadiz,1433.0,5088.0
2002,I_12,Castellon,754.0,2030.0
2002,I_13,Ciudad Real,286.0,1906.0
2002,I_14,Cordoba,645.0,3437.0
2002,I_15,A Coruna,1338.0,3536.0
2002,I_16,Cuenca,133.0,614.0
2002,I_17,Girona,1123.0,1474.0
2002,I_18,Granada,905.0,3362.0
2002,I_19,Guadalajara,220.0,758.0
2002,I_20,Gipuzkoa,1287.0,2148.0
2002,I_21,Huelva,463.0,1993.0
2002,I_22,Huesca,228.0,590.0
2002,I_23,Jaen,383.0,2818.0
2002,I_24,Leon,523.0,1277.0
2002,I_25,Lleida,583.0,1158.0
2002,I_26,La Rioja,373.0,1007.0
2002,I_27,Lugo,295.0,899.0
2002,I_28,Madrid,8852.0,21169.0
2002,I_29,Malaga,2069.0,5177.0
2002,I_30,Murcia,1378.0,5285.0
2002,I_31,Navarra,829.0,1999.0
2002,I_32,Ourense,363.0,874.0
2002,I_33,Asturias,1620.0,3275.0
2002,I_34,Palencia,178.0,524.0
2002,I_35,Las Palmas,1377.0,2254.0
2002,I_36,Pontevedra,1125.0,3087.0
2002,I_37,Salamanca,356.0,1099.0
2002,I_38,Canarias,1237.0,2100.0
2002,I_39,Cantabria,822.0,2075.0
2002,I_40,Segovia,151.0,535.0
2002,I_41,Sevilla,1909.0,8307.0
2002,I_42,Soria,102.0,260.0
2002,I_43,Tarragona,1152.0,2113.0
2002,I_44,Teruel,121.0,440.0
2002,I_45,Toledo,449.0,2389.0
2002,I_46,Valencia,4100.0,9258.0
2002,I_47,Valladolid,579.0,1917.0
2002,I_48,Bizkaia,1768.0,3384.0
2002,I_49,Zamora,145.0,488.0
2002,I_50,Zaragoza,1181.0,3407.0
2002,I_51,Ceuta,163.0,167.0
2002,I_52,Melilla,269.0,133.0
2003,I_01,Alava,612.0,837.0
2003,I_02,Albacete,432.0,1351.0
2003,I_03,Alicante,2688.0,5425.0
2003,I_04,Almeria,819.0,2106.0
2003,I_05,Avila,131.0,490.0
2003,I_06,Badajoz,571.0,2622.0
2003,I_07,Illes Balears,2204.0,2447.0
2003,I_08,Barcelona,11377.0,12975.0
2003,I_09,Burgos,470.0,1165.0
2003,I_10,Caceres,323.0,1354.0
2003,I_11,Cadiz,1712.0,4892.0
2003,I_12,Castellon,955.0,1908.0
2003,I_13,Ciudad Real,364.0,1854.0
2003,I_14,Cordoba,732.0,3428.0
2003,I_15,A Coruna,1472.0,3273.0
2003,I_16,Cuenca,157.0,595.0
2003,I_17,Girona,1372.0,1346.0
2003,I_18,Granada,972.0,3491.0
2003,I_19,Guadalajara,278.0,728.0
2003,I_20,Gipuzkoa,1435.0,2064.0
2003,I_21,Huelva,549.0,2014.0
2003,I_22,Huesca,235.0,538.0
2003,I_23,Jaen,423.0,2745.0
2003,I_24,Leon,593.0,1178.0
2003,I_25,Lleida,679.0,1066.0
2003,I_26,La Rioja,476.0,990.0
2003,I_27,Lugo,346.0,844.0
2003,I_28,Madrid,10223.0,19512.0
2003,I_29,Malaga,2494.0,5047.0
2003,I_30,Murcia,1550.0,5266.0
2003,I_31,Navarra,998.0,1870.0
2003,I_32,Ourense,358.0,768.0
2003,I_33,Asturias,1877.0,3122.0
2003,I_34,Palencia,174.0,466.0
2003,I_35,Las Palmas,1626.0,2062.0
2003,I_36,Pontevedra,1287.0,2726.0
2003,I_37,Salamanca,363.0,1131.0
2003,I_38,Canarias,1365.0,1896.0
2003,I_39,Cantabria,909.0,1955.0
2003,I_40,Segovia,158.0,428.0
2003,I_41,Sevilla,2136.0,8023.0
2003,I_42,Soria,132.0,224.0
2003,I_43,Tarragona,1494.0,1950.0
2003,I_44,Teruel,168.0,416.0
2003,I_45,Toledo,638.0,2188.0
2003,I_46,Valencia,4994.0,8939.0
2003,I_47,Valladolid,637.0,1790.0
2003,I_48,Bizkaia,1835.0,3328.0
2003,I_49,Zamora,175.0,519.0
2003,I_50,Zaragoza,1251.0,3114.0
2003,I_51,Ceuta,183.0,162.0
2003,I_52,Melilla,327.0,120.0
2004,I_01,Alava,616.0,761.0
2004,I_02,Albacete,474.0,1285.0
2004,I_03,Alicante,3272.0,5265.0
2004,I_04,Almeria,909.0,2097.0
2004,I_05,Avila,148.0,455.0
2004,I_06,Badajoz,641.0,2517.0
2004,I_07,Illes Balears,2289.0,2266.0
2004,I_08,Barcelona,13399.0,11702.0
2004,I_09,Burgos,508.0,1088.0
2004,I_10,Caceres,426.0,1252.0
2004,I_11,Cadiz,1825.0,4954.0
2004,I_12,Castellon,1093.0,1721.0
2004,I_13,Ciudad Real,442.0,1867.0
2004,I_14,Cordoba,780.0,3277.0
2004,I_15,A Coruna,1705.0,3194.0
2004,I_16,Cuenca,155.0,556.0
2004,I_17,Girona,1680.0,1260.0
2004,I_18,Granada,1059.0,3524.0
2004,I_19,Guadalajara,371.0,684.0
2004,I_20,Gipuzkoa,1610.0,1901.0
2004,I_21,Huelva,587.0,1994.0
2004,I_22,Huesca,342.0,525.0
2004,I_23,Jaen,533.0,2654.0
2004,I_24,Leon,613.0,1147.0
2004,I_25,Lleida,785.0,972.0
2004,I_26,La Rioja,546.0,931.0
2004,I_27,Lugo,364.0,809.0
2004,I_28,Madrid,11750.0,18455.0
2004,I_29,Malaga,2793.0,4855.0
2004,I_30,Murcia,1692.0,4959.0
2004,I_31,Navarra,1129.0,1791.0
2004,I_32,Ourense,388.0,790.0
2004,I_33,Asturias,2082.0,2876.0
2004,I_34,Palencia,190.0,496.0
2004,I_35,Las Palmas,1609.0,1909.0
2004,I_36,Pontevedra,1382.0,2741.0
2004,I_37,Salamanca,440.0,1016.0
2004,I_38,Canarias,1616.0,1702.0
2004,I_39,Cantabria,1020.0,1882.0
2004,I_40,Segovia,193.0,451.0
2004,I_41,Sevilla,2531.0,8094.0
2004,I_42,Soria,115.0,205.0
2004,I_43,Tarragona,1810.0,1852.0
2004,I_44,Teruel,169.0,344.0
2004,I_45,Toledo,651.0,2397.0
2004,I_46,Valencia,5998.0,8456.0
2004,I_47,Valladolid,719.0,1866.0
2004,I_48,Bizkaia,2089.0,3066.0
2004,I_49,Zamora,158.0,465.0
2004,I_50,Zaragoza,1373.0,3133.0
2004,I_51,Ceuta,210.0,164.0
2004,I_52,Melilla,305.0,102.0
2005,I_01,Alava,568.0,709.0
2005,I_02,Albacete,496.0,1224.0
2005,I_03,Alicante,3051.0,4884.0
2005,I_04,Almeria,933.0,2040.0
2005,I_05,Avila,150.0,438.0
2005,I_06,Badajoz,627.0,2423.0
2005,I_07,Illes Balears,2304.0,1963.0
2005,I_08,Barcelona,13724.0,10409.0
2005,I_09,Burgos,479.0,951.0
2005,I_10,Caceres,391.0,1146.0
2005,I_11,Cadiz,1931.0,4797.0
2005,I_12,Castellon,1077.0,1631.0
2005,I_13,Ciudad Real,523.0,1807.0
2005,I_14,Cordoba,823.0,3156.0
2005,I_15,A Coruna,1728.0,2955.0
2005,I_16,Cuenca,179.0,559.0
2005,I_17,Girona,1691.0,1135.0
2005,I_18,Granada,1107.0,3174.0
2005,I_19,Guadalajara,400.0,742.0
2005,I_20,Gipuzkoa,1580.0,1720.0
2005,I_21,Huelva,640.0,2005.0
2005,I_22,Huesca,307.0,490.0
2005,I_23,Jaen,561.0,2637.0
2005,I_24,Leon,710.0,1017.0
2005,I_25,Lleida,844.0,882.0
2005,I_26,La Rioja,525.0,882.0
2005,I_27,Lugo,377.0,698.0
2005,I_28,Madrid,11930.0,16457.0
2005,I_29,Malaga,2679.0,4670.0
2005,I_30,Murcia,1810.0,4858.0
2005,I_31,Navarra,1115.0,1556.0
2005,I_32,Ourense,415.0,704.0
2005,I_33,Asturias,2165.0,2740.0
2005,I_34,Palencia,232.0,463.0
2005,I_35,Las Palmas,1690.0,1649.0
2005,I_36,Pontevedra,1517.0,2544.0
2005,I_37,Salamanca,401.0,1007.0
2005,I_38,Canarias,1748.0,1653.0
2005,I_39,Cantabria,1134.0,1742.0
2005,I_40,Segovia,208.0,396.0
2005,I_41,Sevilla,2547.0,8338.0
2005,I_42,Soria,118.0,172.0
2005,I_43,Tarragona,1775.0,1707.0
2005,I_44,Teruel,166.0,366.0
2005,I_45,Toledo,705.0,2358.0
2005,I_46,Valencia,5707.0,7684.0
2005,I_47,Valladolid,795.0,1704.0
2005,I_48,Bizkaia,2170.0,2809.0
2005,I_49,Zamora,188.0,409.0
2005,I_50,Zaragoza,1405.0,2942.0
2005,I_51,Ceuta,188.0,173.0
2005,I_52,Melilla,235.0,88.0
2006,I_01,Alava,632.0,631.0
2006,I_02,Albacete,511.0,1150.0
2006,I_03,Alicante,3294.0,4312.0
2006,I_04,Almeria,1143.0,1872.0
2006,I_05,Avila,186.0,408.0
2006,I_06,Badajoz,741.0,2342.0
2006,I_07,Illes Balears,2383.0,1877.0
2006,I_08,Barcelona,14097.0,8734.0
2006,I_09,Burgos,526.0,881.0
2006,I_10,Caceres,467.0,1121.0
2006,I_11,Cadiz,1919.0,4334.0
2006,I_12,Castellon,1142.0,1496.0
2006,I_13,Ciudad Real,513.0,1744.0
2006,I_14,Cordoba,941.0,3101.0
2006,I_15,A Coruna,1986.0,2790.0
2006,I_16,Cuenca,204.0,495.0
2006,I_17,Girona,1845.0,1008.0
2006,I_18,Granada,1192.0,2892.0
2006,I_19,Guadalajara,484.0,698.0
2006,I_20,Gipuzkoa,1603.0,1588.0
2006,I_21,Huelva,712.0,1827.0
2006,I_22,Huesca,363.0,456.0
2006,I_23,Jaen,621.0,2565.0
2006,I_24,Leon,700.0,923.0
2006,I_25,Lleida,969.0,809.0
2006,I_26,La Rioja,582.0,791.0
2006,I_27,Lugo,419.0,694.0
2006,I_28,Madrid,12872.0,14812.0
2006,I_29,Malaga,2985.0,4478.0
2006,I_30,Murcia,1882.0,4602.0
2006,I_31,Navarra,1281.0,1446.0
2006,I_32,Ourense,455.0,692.0
2006,I_33,Asturias,2275.0,2535.0
2006,I_34,Palencia,242.0,429.0
2006,I_35,Las Palmas,1855.0,1485.0
2006,I_36,Pontevedra,1646.0,2390.0
2006,I_37,Salamanca,460.0,876.0
2006,I_38,Canarias,1838.0,1618.0
2006,I_39,Cantabria,1184.0,1638.0
2006,I_40,Segovia,215.0,371.0
2006,I_41,Sevilla,2833.0,7741.0
2006,I_42,Soria,134.0,174.0
2006,I_43,Tarragona,1981.0,1527.0
2006,I_44,Teruel,196.0,293.0
2006,I_45,Toledo,841.0,2193.0
2006,I_46,Valencia,5604.0,7048.0
2006,I_47,Valladolid,868.0,1636.0
2006,I_48,Bizkaia,2314.0,2426.0
2006,I_49,Zamora,205.0,360.0
2006,I_50,Zaragoza,1640.0,2552.0
2006,I_51,Ceuta,190.0,135.0
2006,I_52,Melilla,288.0,111.0
2007,I_01,Alava,619.0,597.0
2007,I_02,Albacete,536.0,1092.0
2007,I_03,Alicante,3352.0,3998.0
2007,I_04,Almeria,1030.0,1806.0
2007,I_05,Avila,206.0,373.0
2007,I_06,Badajoz,759.0,2133.0
2007,I_07,Illes Balears,2546.0,1799.0
2007,I_08,Barcelona,14566.0,7816.0
2007,I_09,Burgos,602.0,845.0
2007,I_10,Caceres,470.0,1057.0
2007,I_11,Cadiz,1836.0,4056.0
2007,I_12,Castellon,1314.0,1381.0
2007,I_13,Ciudad Real,599.0,1722.0
2007,I_14,Cordoba,988.0,2983.0
2007,I_15,A Coruna,2035.0,2714.0
2007,I_16,Cuenca,202.0,497.0
2007,I_17,Girona,1896.0,969.0
2007,I_18,Granada,1370.0,2807.0
2007,I_19,Guadalajara,562.0,682.0
2007,I_20,Gipuzkoa,1603.0,1490.0
2007,I_21,Huelva,733.0,1736.0
2007,I_22,Huesca,379.0,417.0
2007,I_23,Jaen,691.0,2417.0
2007,I_24,Leon,785.0,975.0
2007,I_25,Lleida,998.0,823.0
2007,I_26,La Rioja,587.0,767.0
2007,I_27,Lugo,440.0,701.0
2007,I_28,Madrid,13692.0,14308.0
2007,I_29,Malaga,3129.0,4109.0
2007,I_30,Murcia,2096.0,4551.0
2007,I_31,Navarra,1273.0,1432.0
2007,I_32,Ourense,558.0,705.0
2007,I_33,Asturias,2354.0,2503.0
2007,I_34,Palencia,236.0,385.0
2007,I_35,Las Palmas,1877.0,1397.0
2007,I_36,Pontevedra,1722.0,2236.0
2007,I_37,Salamanca,479.0,891.0
2007,I_38,Canarias,1690.0,1439.0
2007,I_39,Cantabria,1304.0,1644.0
2007,I_40,Segovia,214.0,380.0
2007,I_41,Sevilla,3152.0,7213.0
2007,I_42,Soria,123.0,165.0
2007,I_43,Tarragona,2077.0,1400.0
2007,I_44,Teruel,205.0,276.0
2007,I_45,Toledo,933.0,2158.0
2007,I_46,Valencia,5992.0,6173.0
2007,I_47,Valladolid,891.0,1662.0
2007,I_48,Bizkaia,2456.0,2297.0
2007,I_49,Zamora,213.0,384.0
2007,I_50,Zaragoza,1596.0,2435.0
2007,I_51,Ceuta,215.0,158.0
2007,I_52,Melilla,428.0,97.0
2008,I_01,Alava,670.0,570.0
2008,I_02,Albacete,544.0,939.0
2008,I_03,Alicante,3497.0,3424.0
2008,I_04,Almeria,1216.0,1543.0
2008,I_05,Avila,194.0,402.0
2008,I_06,Badajoz,836.0,2081.0
2008,I_07,Illes Balears,2524.0,1614.0
2008,I_08,Barcelona,15558.0,6872.0
2008,I_09,Burgos,534.0,831.0
2008,I_10,Caceres,424.0,1057.0
2008,I_11,Cadiz,1963.0,3624.0
2008,I_12,Castellon,1244.0,1240.0
2008,I_13,Ciudad Real,572.0,1656.0
2008,I_14,Cordoba,1024.0,2869.0
2008,I_15,A Coruna,2171.0,2570.0
2008,I_16,Cuenca,187.0,501.0
2008,I_17,Girona,2015.0,825.0
2008,I_18,Granada,1425.0,2358.0
2008,I_19,Guadalajara,556.0,643.0
2008,I_20,Gipuzkoa,1749.0,1319.0
2008,I_21,Huelva,839.0,1545.0
2008,I_22,Huesca,350.0,382.0
2008,I_23,Jaen,739.0,2220.0
2008,I_24,Leon,742.0,904.0
2008,I_25,Lleida,1092.0,693.0
2008,I_26,La Rioja,600.0,723.0
2008,I_27,Lugo,433.0,689.0
2008,I_28,Madrid,13830.0,12753.0
2008,I_29,Malaga,3353.0,3641.0
2008,I_30,Murcia,1987.0,3778.0
2008,I_31,Navarra,1365.0,1316.0
2008,I_32,Ourense,480.0,582.0
2008,I_33,Asturias,2406.0,2369.0
2008,I_34,Palencia,208.0,388.0
2008,I_35,Las Palmas,1951.0,1202.0
2008,I_36,Pontevedra,1728.0,2140.0
2008,I_37,Salamanca,487.0,837.0
2008,I_38,Canarias,1784.0,1401.0
2008,I_39,Cantabria,1355.0,1581.0
2008,I_40,Segovia,231.0,433.0
2008,I_41,Sevilla,3138.0,6427.0
2008,I_42,Soria,99.0,155.0
2008,I_43,Tarragona,2259.0,1195.0
2008,I_44,Teruel,183.0,270.0
2008,I_45,Toledo,1067.0,2224.0
2008,I_46,Valencia,6223.0,5184.0
2008,I_47,Valladolid,879.0,1463.0
2008,I_48,Bizkaia,2604.0,2127.0
2008,I_49,Zamora,209.0,342.0
2008,I_50,Zaragoza,1593.0,2268.0
2008,I_51,Ceuta,229.0,137.0
2008,I_52,Melilla,363.0,107.0
2009,I_01,Alava,699.0,506.0
2009,I_02,Albacete,608.0,791.0
2009,I_03,Alicante,3264.0,2613.0
2009,I_04,Almeria,1151.0,1228.0
2009,I_05,Avila,217.0,314.0
2009,I_06,Badajoz,917.0,1915.0
2009,I_07,Illes Balears,2830.0,1321.0
2009,I_08,Barcelona,14932.0,5371.0
2009,I_09,Burgos,598.0,647.0
2009,I_10,Caceres,514.0,832.0
2009,I_11,Cadiz,1873.0,2762.0
2009,I_12,Castellon,1217.0,918.0
2009,I_13,Ciudad Real,605.0,1313.0
2009,I_14,Cordoba,1065.0,2225.0
2009,I_15,A Coruna,2285.0,2112.0
2009,I_16,Cuenca,238.0,334.0
2009,I_17,Girona,2025.0,649.0
2009,I_18,Granada,1379.0,1822.0
2009,I_19,Guadalajara,519.0,513.0
2009,I_20,Gipuzkoa,1887.0,1094.0
2009,I_21,Huelva,739.0,1071.0
2009,I_22,Huesca,384.0,310.0
2009,I_23,Jaen,649.0,1800.0
2009,I_24,Leon,782.0,735.0
2009,I_25,Lleida,1059.0,523.0
2009,I_26,La Rioja,617.0,588.0
2009,I_27,Lugo,508.0,572.0
2009,I_28,Madrid,13575.0,10930.0
2009,I_29,Malaga,3172.0,2696.0
2009,I_30,Murcia,2106.0,3019.0
2009,I_31,Navarra,1335.0,1157.0
2009,I_32,Ourense,455.0,481.0
2009,I_33,Asturias,2501.0,1984.0
2009,I_34,Palencia,219.0,306.0
2009,I_35,Las Palmas,2034.0,892.0
2009,I_36,Pontevedra,1821.0,1619.0
2009,I_37,Salamanca,479.0,732.0
2009,I_38,Canarias,1919.0,1071.0
2009,I_39,Cantabria,1322.0,1259.0
2009,I_40,Segovia,230.0,336.0
2009,I_41,Sevilla,3125.0,5025.0
2009,I_42,Soria,163.0,127.0
2009,I_43,Tarragona,2149.0,879.0
2009,I_44,Teruel,238.0,190.0
2009,I_45,Toledo,1063.0,1784.0
2009,I_46,Valencia,6258.0,3872.0
2009,I_47,Valladolid,958.0,1189.0
2009,I_48,Bizkaia,2489.0,1818.0
2009,I_49,Zamora,222.0,315.0
2009,I_50,Zaragoza,1672.0,1925.0
2009,I_51,Ceuta,255.0,142.0
2009,I_52,Melilla,309.0,100.0
2010,I_01,Alava,771.0,505.0
2010,I_02,Albacete,630.0,723.0
2010,I_03,Alicante,3426.0,2162.0
2010,I_04,Almeria,1142.0,1022.0
2010,I_05,Avila,236.0,272.0
2010,I_06,Badajoz,1013.0,1694.0
2010,I_07,Illes Balears,2975.0,1085.0
2010,I_08,Barcelona,16225.0,4636.0
2010,I_09,Burgos,625.0,666.0
2010,I_10,Caceres,535.0,643.0
2010,I_11,Cadiz,1958.0,2359.0
2010,I_12,Castellon,1286.0,780.0
2010,I_13,Ciudad Real,621.0,1135.0
2010,I_14,Cordoba,1078.0,1862.0
2010,I_15,A Coruna,2405.0,1930.0
2010,I_16,Cuenca,277.0,321.0
2010,I_17,Girona,1966.0,580.0
2010,I_18,Granada,1351.0,1665.0
2010,I_19,Guadalajara,643.0,461.0
2010,I_20,Gipuzkoa,1939.0,927.0
2010,I_21,Huelva,788.0,984.0
2010,I_22,Huesca,412.0,267.0
2010,I_23,Jaen,708.0,1502.0
2010,I_24,Leon,804.0,726.0
2010,I_25,Lleida,1077.0,504.0
2010,I_26,La Rioja,601.0,534.0
2010,I_27,Lugo,536.0,537.0
2010,I_28,Madrid,15180.0,10056.0
2010,I_29,Malaga,3238.0,2505.0
2010,I_30,Murcia,2363.0,2718.0
2010,I_31,Navarra,1318.0,1005.0
2010,I_32,Ourense,478.0,435.0
2010,I_33,Asturias,2473.0,1814.0
2010,I_34,Palencia,252.0,295.0
2010,I_35,Las Palmas,1947.0,856.0
2010,I_36,Pontevedra,1953.0,1513.0
2010,I_37,Salamanca,428.0,653.0
2010,I_38,Canarias,1918.0,923.0
2010,I_39,Cantabria,1359.0,1161.0
2010,I_40,Segovia,264.0,278.0
2010,I_41,Sevilla,3272.0,4353.0
2010,I_42,Soria,143.0,131.0
2010,I_43,Tarragona,2267.0,752.0
2010,I_44,Teruel,237.0,180.0
2010,I_45,Toledo,1069.0,1552.0
2010,I_46,Valencia,6551.0,3296.0
2010,I_47,Valladolid,1003.0,1012.0
2010,I_48,Bizkaia,2825.0,1526.0
2010,I_49,Zamora,210.0,271.0
2010,I_50,Zaragoza,1690.0,1707.0
2010,I_51,Ceuta,242.0,158.0
2010,I_52,Melilla,326.0,119.0
2011,I_01,Alava,763.0,402.0
2011,I_02,Albacete,687.0,634.0
2011,I_03,Alicante,3607.0,1893.0
2011,I_04,Almeria,1110.0,973.0
2011,I_05,Avila,202.0,268.0
2011,I_06,Badajoz,1001.0,1395.0
2011,I_07,Illes Balears,3089.0,986.0
2011,I_08,Barcelona,15622.0,4195.0
2011,I_09,Burgos,614.0,532.0
2011,I_10,Caceres,529.0,623.0
2011,I_11,Cadiz,1941.0,2174.0
2011,I_12,Castellon,1191.0,648.0
2011,I_13,Ciudad Real,626.0,1016.0
2011,I_14,Cordoba,1030.0,1767.0
2011,I_15,A Coruna,2420.0,1706.0
2011,I_16,Cuenca,252.0,306.0
2011,I_17,Girona,2057.0,534.0
2011,I_18,Granada,1340.0,1527.0
2011,I_19,Guadalajara,604.0,416.0
2011,I_20,Gipuzkoa,1948.0,834.0
2011,I_21,Huelva,781.0,941.0
2011,I_22,Huesca,380.0,253.0
2011,I_23,Jaen,730.0,1461.0
2011,I_24,Leon,821.0,639.0
2011,I_25,Lleida,1009.0,439.0
2011,I_26,La Rioja,597.0,494.0
2011,I_27,Lugo,570.0,462.0
2011,I_28,Madrid,15592.0,9443.0
2011,I_29,Malaga,3106.0,2176.0
2011,I_30,Murcia,2336.0,2391.0
2011,I_31,Navarra,1397.0,845.0
2011,I_32,Ourense,466.0,417.0
2011,I_33,Asturias,2403.0,1527.0
2011,I_34,Palencia,223.0,261.0
2011,I_35,Las Palmas,2116.0,755.0
2011,I_36,Pontevedra,1984.0,1231.0
2011,I_37,Salamanca,432.0,512.0
2011,I_38,Canarias,1924.0,840.0
2011,I_39,Cantabria,1308.0,903.0
2011,I_40,Segovia,271.0,250.0
2011,I_41,Sevilla,3314.0,3925.0
2011,I_42,Soria,148.0,103.0
2011,I_43,Tarragona,2043.0,734.0
2011,I_44,Teruel,216.0,181.0
2011,I_45,Toledo,1218.0,1448.0
2011,I_46,Valencia,6602.0,2929.0
2011,I_47,Valladolid,962.0,965.0
2011,I_48,Bizkaia,2858.0,1406.0
2011,I_49,Zamora,233.0,232.0
2011,I_50,Zaragoza,1758.0,1527.0
2011,I_51,Ceuta,300.0,148.0
2011,I_52,Melilla,235.0,91.0
2012,I_01,Alava,786.0,410.0
2012,I_02,Albacete,680.0,672.0
2012,I_03,Alicante,3760.0,1931.0
2012,I_04,Almeria,1328.0,989.0
2012,I_05,Avila,204.0,264.0
2012,I_06,Badajoz,1030.0,1461.0
2012,I_07,Illes Balears,3196.0,835.0
2012,I_08,Barcelona,16455.0,4017.0
2012,I_09,Burgos,660.0,543.0
2012,I_10,Caceres,567.0,636.0
2012,I_11,Cadiz,2272.0,2174.0
2012,I_12,Castellon,1274.0,638.0
2012,I_13,Ciudad Real,700.0,1041.0
2012,I_14,Cordoba,994.0,1739.0
2012,I_15,A Coruna,2705.0,1636.0
2012,I_16,Cuenca,306.0,308.0
2012,I_17,Girona,2060.0,519.0
2012,I_18,Granada,1525.0,1546.0
2012,I_19,Guadalajara,683.0,394.0
2012,I_20,Gipuzkoa,1962.0,747.0
2012,I_21,Huelva,938.0,958.0
2012,I_22,Huesca,489.0,280.0
2012,I_23,Jaen,788.0,1452.0
2012,I_24,Leon,907.0,692.0
2012,I_25,Lleida,1069.0,392.0
2012,I_26,La Rioja,657.0,476.0
2012,I_27,Lugo,569.0,466.0
2012,I_28,Madrid,16024.0,9176.0
2012,I_29,Malaga,3318.0,2167.0
2012,I_30,Murcia,2597.0,2360.0
2012,I_31,Navarra,1405.0,858.0
2012,I_32,Ourense,536.0,385.0
2012,I_33,Asturias,2550.0,1462.0
2012,I_34,Palencia,273.0,283.0
2012,I_35,Las Palmas,2330.0,791.0
2012,I_36,Pontevedra,2042.0,1166.0
2012,I_37,Salamanca,575.0,577.0
2012,I_38,Canarias,1955.0,823.0
2012,I_39,Cantabria,1437.0,912.0
2012,I_40,Segovia,256.0,228.0
2012,I_41,Sevilla,3563.0,3871.0
2012,I_42,Soria,170.0,110.0
2012,I_43,Tarragona,2190.0,656.0
2012,I_44,Teruel,277.0,146.0
2012,I_45,Toledo,1308.0,1400.0
2012,I_46,Valencia,6880.0,2801.0
2012,I_47,Valladolid,1090.0,904.0
2012,I_48,Bizkaia,2940.0,1218.0
2012,I_49,Zamora,251.0,227.0
2012,I_50,Zaragoza,1927.0,1597.0
2012,I_51,Ceuta,240.0,169.0
2012,I_52,Melilla,290.0,91.0
2013,I_01,Alava,806.0,290.0
2013,I_02,Albacete,709.0,494.0
2013,I_03,Alicante,3962.0,1503.0
2013,I_04,Almeria,1239.0,754.0
2013,I_05,Avila,225.0,211.0
2013,I_06,Badajoz,998.0,1065.0
2013,I_07,Illes Balears,3306.0,765.0
2013,I_08,Barcelona,16202.0,3180.0
2013,I_09,Burgos,639.0,418.0
2013,I_10,Caceres,593.0,480.0
2013,I_11,Cadiz,2210.0,1750.0
2013,I_12,Castellon,1245.0,538.0
2013,I_13,Ciudad Real,724.0,814.0
2013,I_14,Cordoba,1082.0,1279.0
2013,I_15,A Coruna,2574.0,1256.0
2013,I_16,Cuenca,318.0,239.0
2013,I_17,Girona,2218.0,424.0
2013,I_18,Granada,1552.0,1242.0
2013,I_19,Guadalajara,633.0,309.0
2013,I_20,Gipuzkoa,1959.0,554.0
2013,I_21,Huelva,852.0,729.0
2013,I_22,Huesca,439.0,207.0
2013,I_23,Jaen,725.0,1108.0
2013,I_24,Leon,866.0,506.0
2013,I_25,Lleida,1016.0,324.0
2013,I_26,La Rioja,609.0,394.0
2013,I_27,Lugo,603.0,327.0
2013,I_28,Madrid,16725.0,7787.0
2013,I_29,Malaga,3486.0,1666.0
2013,I_30,Murcia,2605.0,1836.0
2013,I_31,Navarra,1388.0,735.0
2013,I_32,Ourense,521.0,344.0
2013,I_33,Asturias,2340.0,1023.0
2013,I_34,Palencia,243.0,199.0
2013,I_35,Las Palmas,2700.0,715.0
2013,I_36,Pontevedra,2041.0,907.0
2013,I_37,Salamanca,626.0,459.0
2013,I_38,Canarias,2088.0,696.0
2013,I_39,Cantabria,1257.0,705.0
2013,I_40,Segovia,274.0,170.0
2013,I_41,Sevilla,3791.0,2977.0
2013,I_42,Soria,146.0,89.0
2013,I_43,Tarragona,2157.0,523.0
2013,I_44,Teruel,266.0,144.0
2013,I_45,Toledo,1283.0,1044.0
2013,I_46,Valencia,7043.0,2129.0
2013,I_47,Valladolid,1025.0,756.0
2013,I_48,Bizkaia,2804.0,890.0
2013,I_49,Zamora,216.0,172.0
2013,I_50,Zaragoza,1988.0,1332.0
2013,I_51,Ceuta,247.0,136.0
2013,I_52,Melilla,225.0,87.0
2014,I_01,Alava,888.0,328.0
2014,I_02,Albacete,730.0,586.0
2014,I_03,Alicante,4339.0,1590.0
2014,I_04,Almeria,1174.0,827.0
2014,I_05,Avila,226.0,203.0
2014,I_06,Badajoz,1072.0,1110.0
2014,I_07,Illes Balears,3379.0,848.0
2014,I_08,Barcelona,16519.0,3249.0
2014,I_09,Burgos,633.0,416.0
2014,I_10,Caceres,672.0,483.0
2014,I_11,Cadiz,2523.0,1814.0
2014,I_12,Castellon,1442.0,499.0
2014,I_13,Ciudad Real,725.0,843.0
2014,I_14,Cordoba,1133.0,1453.0
2014,I_15,A Coruna,2701.0,1313.0
2014,I_16,Cuenca,315.0,256.0
2014,I_17,Girona,2436.0,441.0
2014,I_18,Granada,1725.0,1424.0
2014,I_19,Guadalajara,636.0,305.0
2014,I_20,Gipuzkoa,1964.0,579.0
2014,I_21,Huelva,942.0,753.0
2014,I_22,Huesca,440.0,240.0
2014,I_23,Jaen,830.0,1240.0
2014,I_24,Leon,953.0,492.0
2014,I_25,Lleida,1098.0,332.0
2014,I_26,La Rioja,721.0,406.0
2014,I_27,Lugo,605.0,377.0
2014,I_28,Madrid,16160.0,7655.0
2014,I_29,Malaga,3762.0,1745.0
2014,I_30,Murcia,2910.0,2031.0
2014,I_31,Navarra,1617.0,705.0
2014,I_32,Ourense,537.0,313.0
2014,I_33,Asturias,2455.0,1092.0
2014,I_34,Palencia,297.0,201.0
2014,I_35,Las Palmas,2713.0,754.0
2014,I_36,Pontevedra,2098.0,861.0
2014,I_37,Salamanca,614.0,475.0
2014,I_38,Canarias,2386.0,721.0
2014,I_39,Cantabria,1482.0,615.0
2014,I_40,Segovia,275.0,180.0
2014,I_41,Sevilla,4046.0,3189.0
2014,I_42,Soria,179.0,75.0
2014,I_43,Tarragona,2229.0,519.0
2014,I_44,Teruel,283.0,149.0
2014,I_45,Toledo,1323.0,1143.0
2014,I_46,Valencia,7372.0,2130.0
2014,I_47,Valladolid,1124.0,702.0
2014,I_48,Bizkaia,2853.0,809.0
2014,I_49,Zamora,251.0,173.0
2014,I_50,Zaragoza,1842.0,1267.0
2014,I_51,Ceuta,222.0,173.0
2014,I_52,Melilla,256.0,65.0
2015,I_01,Alava,931.0,274.0
2015,I_02,Albacete,834.0,523.0
2015,I_03,Alicante,4523.0,1621.0
2015,I_04,Almeria,1340.0,783.0
2015,I_05,Avila,242.0,194.0
2015,I_06,Badajoz,1203.0,1092.0
2015,I_07,Illes Balears,3850.0,784.0
2015,I_08,Barcelona,17357.0,3109.0
2015,I_09,Burgos,727.0,380.0
2015,I_10,Caceres,676.0,502.0
2015,I_11,Cadiz,2913.0,1753.0
2015,I_12,Castellon,1495.0,536.0
2015,I_13,Ciudad Real,841.0,822.0
2015,I_14,Cordoba,1355.0,1383.0
2015,I_15,A Coruna,3038.0,1136.0
2015,I_16,Cuenca,336.0,255.0
2015,I_17,Girona,2471.0,427.0
2015,I_18,Granada,1869.0,1332.0
2015,I_19,Guadalajara,717.0,307.0
2015,I_20,Gipuzkoa,1968.0,532.0
2015,I_21,Huelva,1041.0,716.0
2015,I_22,Huesca,413.0,198.0
2015,I_23,Jaen,907.0,1252.0
2015,I_24,Leon,902.0,412.0
2015,I_25,Lleida,1064.0,271.0
2015,I_26,La Rioja,721.0,357.0
2015,I_27,Lugo,683.0,298.0
2015,I_28,Madrid,17743.0,7831.0
2015,I_29,Malaga,3898.0,1800.0
2015,I_30,Murcia,2942.0,1958.0
2015,I_31,Navarra,2013.0,653.0
2015,I_32,Ourense,568.0,268.0
2015,I_33,Asturias,2558.0,979.0
2015,I_34,Palencia,307.0,187.0
2015,I_35,Las Palmas,2917.0,726.0
2015,I_36,Pontevedra,2402.0,849.0
2015,I_37,Salamanca,649.0,408.0
2015,I_38,Canarias,2506.0,779.0
2015,I_39,Cantabria,1571.0,580.0
2015,I_40,Segovia,336.0,194.0
2015,I_41,Sevilla,4331.0,3268.0
2015,I_42,Soria,155.0,89.0
2015,I_43,Tarragona,2410.0,483.0
2015,I_44,Teruel,251.0,128.0
2015,I_45,Toledo,1376.0,1083.0
2015,I_46,Valencia,7746.0,2108.0
2015,I_47,Valladolid,1129.0,674.0
2015,I_48,Bizkaia,2937.0,741.0
2015,I_49,Zamora,254.0,175.0
2015,I_50,Zaragoza,2081.0,1229.0
2015,I_51,Ceuta,242.0,182.0
2015,I_52,Melilla,218.0,73.0
2016,I_01,Alava,910.0,221.0
2016,I_02,Albacete,912.0,517.0
2016,I_03,Alicante,5203.0,1569.0
2016,I_04,Almeria,1454.0,790.0
2016,I_05,Avila,281.0,187.0
2016,I_06,Badajoz,1256.0,1091.0
2016,I_07,Illes Balears,3980.0,771.0
2016,I_08,Barcelona,18949.0,3076.0
2016,I_09,Burgos,729.0,365.0
2016,I_10,Caceres,796.0,487.0
2016,I_11,Cadiz,3059.0,1739.0
2016,I_12,Castellon,1521.0,521.0
2016,I_13,Ciudad Real,915.0,828.0
2016,I_14,Cordoba,1581.0,1424.0
2016,I_15,A Coruna,3171.0,1013.0
2016,I_16,Cuenca,324.0,221.0
2016,I_17,Girona,2464.0,389.0
2016,I_18,Granada,1975.0,1286.0
2016,I_19,Guadalajara,692.0,323.0
2016,I_20,Gipuzkoa,2077.0,477.0
2016,I_21,Huelva,1151.0,745.0
2016,I_22,Huesca,482.0,207.0
2016,I_23,Jaen,980.0,1291.0
2016,I_24,Leon,1003.0,398.0
2016,I_25,Lleida,1178.0,287.0
2016,I_26,La Rioja,802.0,348.0
2016,I_27,Lugo,757.0,295.0
2016,I_28,Madrid,18354.0,7643.0
2016,I_29,Malaga,4037.0,1708.0
2016,I_30,Murcia,3244.0,1933.0
2016,I_31,Navarra,1809.0,614.0
2016,I_32,Ourense,578.0,256.0
2016,I_33,Asturias,2737.0,990.0
2016,I_34,Palencia,335.0,200.0
2016,I_35,Las Palmas,3150.0,775.0
2016,I_36,Pontevedra,2532.0,777.0
2016,I_37,Salamanca,651.0,403.0
2016,I_38,Canarias,2659.0,808.0
2016,I_39,Cantabria,1685.0,579.0
2016,I_40,Segovia,316.0,174.0
2016,I_41,Sevilla,4752.0,3123.0
2016,I_42,Soria,188.0,85.0
2016,I_43,Tarragona,2502.0,510.0
2016,I_44,Teruel,264.0,124.0
2016,I_45,Toledo,1551.0,1078.0
2016,I_46,Valencia,8076.0,2039.0
2016,I_47,Valladolid,1211.0,575.0
2016,I_48,Bizkaia,3182.0,682.0
2016,I_49,Zamora,275.0,174.0
2016,I_50,Zaragoza,2234.0,1114.0
2016,I_51,Ceuta,302.0,195.0
2016,I_52,Melilla,323.0,75.0
2017,I_01,Alava,903.0,187.0
2017,I_02,Albacete,891.0,492.0
2017,I_03,Alicante,5413.0,1429.0
2017,I_04,Almeria,1467.0,712.0
2017,I_05,Avila,263.0,176.0
2017,I_06,Badajoz,1314.0,1031.0
2017,I_07,Illes Balears,4032.0,718.0
2017,I_08,Barcelona,19342.0,2754.0
2017,I_09,Burgos,791.0,354.0
2017,I_10,Caceres,747.0,427.0
2017,I_11,Cadiz,3242.0,1582.0
2017,I_12,Castellon,1565.0,491.0
2017,I_13,Ciudad Real,961.0,718.0
2017,I_14,Cordoba,1584.0,1309.0
2017,I_15,A Coruna,3216.0,906.0
2017,I_16,Cuenca,291.0,208.0
2017,I_17,Girona,2515.0,370.0
2017,I_18,Granada,2055.0,1151.0
2017,I_19,Guadalajara,713.0,240.0
2017,I_20,Gipuzkoa,2213.0,443.0
2017,I_21,Huelva,1056.0,651.0
2017,I_22,Huesca,448.0,175.0
2017,I_23,Jaen,1106.0,1202.0
2017,I_24,Leon,1067.0,361.0
2017,I_25,Lleida,1171.0,256.0
2017,I_26,La Rioja,768.0,283.0
2017,I_27,Lugo,809.0,258.0
2017,I_28,Madrid,18840.0,7033.0
2017,I_29,Malaga,4341.0,1562.0
2017,I_30,Murcia,3416.0,1799.0
2017,I_31,Navarra,1764.0,566.0
2017,I_32,Ourense,586.0,246.0
2017,I_33,Asturias,2797.0,837.0
2017,I_34,Palencia,335.0,170.0
2017,I_35,Las Palmas,3229.0,735.0
2017,I_36,Pontevedra,2578.0,688.0
2017,I_37,Salamanca,690.0,401.0
2017,I_38,Canarias,2828.0,771.0
2017,I_39,Cantabria,1610.0,511.0
2017,I_40,Segovia,385.0,173.0
2017,I_41,Sevilla,4794.0,2685.0
2017,I_42,Soria,187.0,76.0
2017,I_43,Tarragona,2479.0,448.0
2017,I_44,Teruel,271.0,127.0
2017,I_45,Toledo,1692.0,933.0
2017,I_46,Valencia,7844.0,1879.0
2017,I_47,Valladolid,1245.0,581.0
2017,I_48,Bizkaia,3271.0,598.0
2017,I_49,Zamora,261.0,145.0
2017,I_50,Zaragoza,2305.0,968.0
2017,I_51,Ceuta,243.0,205.0
2017,I_52,Melilla,300.0,65.0
2018,I_01,Alava,949.0,169.0
2018,I_02,Albacete,863.0,431.0
2018,I_03,Alicante,5257.0,1255.0
2018,I_04,Almeria,1476.0,706.0
2018,I_05,Avila,251.0,193.0
2018,I_06,Badajoz,1308.0,895.0
2018,I_07,Illes Balears,4182.0,627.0
2018,I_08,Barcelona,18453.0,2397.0
2018,I_09,Burgos,742.0,314.0
2018,I_10,Caceres,770.0,359.0
2018,I_11,Cadiz,3145.0,1401.0
2018,I_12,Castellon,1555.0,382.0
2018,I_13,Ciudad Real,1023.0,709.0
2018,I_14,Cordoba,1515.0,1313.0
2018,I_15,A Coruna,3121.0,823.0
2018,I_16,Cuenca,350.0,223.0
2018,I_17,Girona,2533.0,299.0
2018,I_18,Granada,1983.0,1074.0
2018,I_19,Guadalajara,760.0,234.0
2018,I_20,Gipuzkoa,2211.0,343.0
2018,I_21,Huelva,1078.0,601.0
2018,I_22,Huesca,465.0,162.0
2018,I_23,Jaen,1124.0,1176.0
2018,I_24,Leon,1039.0,321.0
2018,I_25,Lleida,1110.0,241.0
2018,I_26,La Rioja,869.0,272.0
2018,I_27,Lugo,796.0,235.0
2018,I_28,Madrid,18234.0,6519.0
2018,I_29,Malaga,4379.0,1294.0
2018,I_30,Murcia,3560.0,1664.0
2018,I_31,Navarra,1577.0,523.0
2018,I_32,Ourense,542.0,206.0
2018,I_33,Asturias,2725.0,750.0
2018,I_34,Palencia,315.0,170.0
2018,I_35,Las Palmas,3384.0,680.0
2018,I_36,Pontevedra,2269.0,645.0
2018,I_37,Salamanca,663.0,326.0
2018,I_38,Canarias,2941.0,726.0
2018,I_39,Cantabria,1650.0,458.0
2018,I_40,Segovia,315.0,170.0
2018,I_41,Sevilla,5000.0,2547.0
2018,I_42,Soria,205.0,72.0
2018,I_43,Tarragona,2348.0,357.0
2018,I_44,Teruel,292.0,87.0
2018,I_45,Toledo,1671.0,899.0
2018,I_46,Valencia,7956.0,1677.0
2018,I_47,Valladolid,1225.0,445.0
2018,I_48,Bizkaia,3157.0,499.0
2018,I_49,Zamora,300.0,118.0
2018,I_50,Zaragoza,2245.0,908.0
2018,I_51,Ceuta,221.0,210.0
2018,I_52,Melilla,254.0,66.0
2019,I_01,Alava,878.0,154.0
2019,I_02,Albacete,848.0,380.0
2019,I_03,Alicante,5145.0,1081.0
2019,I_04,Almeria,1561.0,583.0
2019,I_05,Avila,296.0,147.0
2019,I_06,Badajoz,1399.0,814.0
2019,I_07,Illes Balears,4484.0,598.0
2019,I_08,Barcelona,17808.0,2063.0
2019,I_09,Burgos,829.0,238.0
2019,I_10,Caceres,795.0,338.0
2019,I_11,Cadiz,3594.0,1430.0
2019,I_12,Castellon,1696.0,379.0
2019,I_13,Ciudad Real,1057.0,614.0
2019,I_14,Cordoba,1696.0,1114.0
2019,I_15,A Coruna,3423.0,686.0
2019,I_16,Cuenca,359.0,194.0
2019,I_17,Girona,2600.0,295.0
2019,I_18,Granada,2208.0,977.0
2019,I_19,Guadalajara,776.0,201.0
2019,I_20,Gipuzkoa,2236.0,325.0
2019,I_21,Huelva,1290.0,564.0
2019,I_22,Huesca,562.0,141.0
2019,I_23,Jaen,1178.0,1050.0
2019,I_24,Leon,984.0,282.0
2019,I_25,Lleida,1187.0,190.0
2019,I_26,La Rioja,856.0,261.0
2019,I_27,Lugo,818.0,185.0
2019,I_28,Madrid,18963.0,5597.0
2019,I_29,Malaga,4520.0,1254.0
2019,I_30,Murcia,3616.0,1477.0
2019,I_31,Navarra,1693.0,417.0
2019,I_32,Ourense,687.0,187.0
2019,I_33,Asturias,2655.0,679.0
2019,I_34,Palencia,311.0,138.0
2019,I_35,Las Palmas,3604.0,546.0
2019,I_36,Pontevedra,2795.0,550.0
2019,I_37,Salamanca,667.0,301.0
2019,I_38,Canarias,3087.0,574.0
2019,I_39,Cantabria,1612.0,388.0
2019,I_40,Segovia,366.0,175.0
2019,I_41,Sevilla,5502.0,2329.0
2019,I_42,Soria,215.0,62.0
2019,I_43,Tarragona,2479.0,317.0
2019,I_44,Teruel,278.0,92.0
2019,I_45,Toledo,1687.0,858.0
2019,I_46,Valencia,7896.0,1337.0
2019,I_47,Valladolid,1217.0,461.0
2019,I_48,Bizkaia,3204.0,425.0
2019,I_49,Zamora,283.0,115.0
2019,I_50,Zaragoza,2130.0,766.0
2019,I_51,Ceuta,295.0,212.0
2019,I_52,Melilla,260.0,51.0
2020,I_01,Alava,507.0,30.0
2020,I_02,Albacete,499.0,68.0
2020,I_03,Alicante,3680.0,306.0
2020,I_04,Almeria,1057.0,124.0
2020,I_05,Avila,211.0,25.0
2020,I_06,Badajoz,882.0,139.0
2020,I_07,Illes Balears,2742.0,218.0
2020,I_08,Barcelona,10597.0,799.0
2020,I_09,Burgos,452.0,72.0
2020,I_10,Caceres,491.0,70.0
2020,I_11,Cadiz,2207.0,265.0
2020,I_12,Castellon,1062.0,92.0
2020,I_13,Ciudad Real,567.0,98.0
2020,I_14,Cordoba,1011.0,213.0
2020,I_15,A Coruna,2212.0,229.0
2020,I_16,Cuenca,219.0,27.0
2020,I_17,Girona,1559.0,85.0
2020,I_18,Granada,1303.0,200.0
2020,I_19,Guadalajara,477.0,59.0
2020,I_20,Gipuzkoa,1272.0,94.0
2020,I_21,Huelva,884.0,140.0
2020,I_22,Huesca,333.0,26.0
2020,I_23,Jaen,592.0,153.0
2020,I_24,Leon,634.0,69.0
2020,I_25,Lleida,791.0,59.0
2020,I_26,La Rioja,564.0,59.0
2020,I_27,Lugo,586.0,55.0
2020,I_28,Madrid,10837.0,2128.0
2020,I_29,Malaga,2909.0,303.0
2020,I_30,Murcia,2327.0,362.0
2020,I_31,Navarra,1184.0,125.0
2020,I_32,Ourense,445.0,60.0
2020,I_33,Asturias,1658.0,191.0
2020,I_34,Palencia,173.0,23.0
2020,I_35,Las Palmas,2375.0,161.0
2020,I_36,Pontevedra,1848.0,182.0
2020,I_37,Salamanca,334.0,39.0
2020,I_38,Canarias,2122.0,211.0
2020,I_39,Cantabria,1052.0,94.0
2020,I_40,Segovia,210.0,21.0
2020,I_41,Sevilla,3271.0,543.0
2020,I_42,Soria,138.0,11.0
2020,I_43,Tarragona,1664.0,108.0
2020,I_44,Teruel,238.0,22.0
2020,I_45,Toledo,1044.0,168.0
2020,I_46,Valencia,5059.0,472.0
2020,I_47,Valladolid,690.0,79.0
2020,I_48,Bizkaia,1857.0,105.0
2020,I_49,Zamora,172.0,14.0
2020,I_50,Zaragoza,1417.0,249.0
2020,I_51,Ceuta,166.0,91.0
2020,I_52,Melilla,147.0,11.0
2021,I_01,Alava,867.0,73.0
2021,I_02,Albacete,842.0,250.0
2021,I_03,Alicante,5220.0,743.0
2021,I_04,Almeria,1539.0,353.0
2021,I_05,Avila,308.0,78.0
2021,I_06,Badajoz,1396.0,502.0
2021,I_07,Illes Balears,3965.0,398.0
2021,I_08,Barcelona,15582.0,1598.0
2021,I_09,Burgos,830.0,135.0
2021,I_10,Caceres,812.0,162.0
2021,I_11,Cadiz,3474.0,856.0
2021,I_12,Castellon,1687.0,214.0
2021,I_13,Ciudad Real,1065.0,447.0
2021,I_14,Cordoba,1587.0,716.0
2021,I_15,A Coruna,3251.0,418.0
2021,I_16,Cuenca,394.0,108.0
2021,I_17,Girona,2416.0,183.0
2021,I_18,Granada,2145.0,706.0
2021,I_19,Guadalajara,724.0,144.0
2021,I_20,Gipuzkoa,1985.0,190.0
2021,I_21,Huelva,1296.0,387.0
2021,I_22,Huesca,614.0,92.0
2021,I_23,Jaen,1149.0,748.0
2021,I_24,Leon,1061.0,171.0
2021,I_25,Lleida,1096.0,143.0
2021,I_26,La Rioja,824.0,148.0
2021,I_27,Lugo,817.0,96.0
2021,I_28,Madrid,17234.0,5112.0
2021,I_29,Malaga,4324.0,861.0
2021,I_30,Murcia,3490.0,950.0
2021,I_31,Navarra,1654.0,324.0
2021,I_32,Ourense,745.0,97.0
2021,I_33,Asturias,2515.0,439.0
2021,I_34,Palencia,315.0,97.0
2021,I_35,Las Palmas,3245.0,342.0
2021,I_36,Pontevedra,2785.0,272.0
2021,I_37,Salamanca,608.0,149.0
2021,I_38,Canarias,2908.0,339.0
2021,I_39,Cantabria,1607.0,286.0
2021,I_40,Segovia,321.0,91.0
2021,I_41,Sevilla,5119.0,1656.0
2021,I_42,Soria,208.0,34.0
2021,I_43,Tarragona,2399.0,184.0
2021,I_44,Teruel,318.0,42.0
2021,I_45,Toledo,1731.0,618.0
2021,I_46,Valencia,7621.0,1063.0
2021,I_47,Valladolid,1100.0,316.0
2021,I_48,Bizkaia,2666.0,293.0
2021,I_49,Zamora,285.0,72.0
2021,I_50,Zaragoza,2487.0,611.0
2021,I_51,Ceuta,238.0,194.0
2021,I_52,Melilla,243.0,60.0
2022,I_01,Alava,959.0,105.0
2022,I_02,Albacete,946.0,404.0
2022,I_03,Alicante,5970.0,1024.0
2022,I_04,Almeria,1907.0,555.0
2022,I_05,Avila,337.0,106.0
2022,I_06,Badajoz,1607.0,774.0
2022,I_07,Illes Balears,4686.0,576.0
2022,I_08,Barcelona,17587.0,2016.0
2022,I_09,Burgos,855.0,217.0
2022,I_10,Caceres,957.0,257.0
2022,I_11,Cadiz,4053.0,1304.0
2022,I_12,Castellon,1965.0,353.0
2022,I_13,Ciudad Real,1277.0,570.0
2022,I_14,Cordoba,1954.0,1290.0
2022,I_15,A Coruna,3719.0,567.0
2022,I_16,Cuenca,433.0,197.0
2022,I_17,Girona,2829.0,231.0
2022,I_18,Granada,2562.0,963.0
2022,I_19,Guadalajara,957.0,220.0
2022,I_20,Gipuzkoa,2477.0,243.0
2022,I_21,Huelva,1496.0,517.0
2022,I_22,Huesca,671.0,145.0
2022,I_23,Jaen,1384.0,1123.0
2022,I_24,Leon,1126.0,234.0
2022,I_25,Lleida,1332.0,155.0
2022,I_26,La Rioja,989.0,225.0
2022,I_27,Lugo,871.0,157.0
2022,I_28,Madrid,21005.0,6432.0
2022,I_29,Malaga,5317.0,1391.0
2022,I_30,Murcia,4354.0,1467.0
2022,I_31,Navarra,1946.0,443.0
2022,I_32,Ourense,781.0,137.0
2022,I_33,Asturias,2943.0,672.0
2022,I_34,Palencia,356.0,108.0
2022,I_35,Las Palmas,3587.0,494.0
2022,I_36,Pontevedra,2906.0,370.0
2022,I_37,Salamanca,691.0,256.0
2022,I_38,Canarias,3143.0,519.0
2022,I_39,Cantabria,1826.0,328.0
2022,I_40,Segovia,395.0,106.0
2022,I_41,Sevilla,5967.0,2510.0
2022,I_42,Soria,230.0,46.0
2022,I_43,Tarragona,2672.0,278.0
2022,I_44,Teruel,388.0,94.0
2022,I_45,Toledo,2163.0,827.0
2022,I_46,Valencia,9154.0,1474.0
2022,I_47,Valladolid,1375.0,409.0
2022,I_48,Bizkaia,3373.0,406.0
2022,I_49,Zamora,342.0,92.0
2022,I_50,Zaragoza,2710.0,780.0
2022,I_51,Ceuta,236.0,301.0
2022,I_52,Melilla,326.0,64.0
2023,I_01,Alava,872.0,110.0
2023,I_02,Albacete,989.0,298.0
2023,I_03,Alicante,5721.0,932.0
2023,I_04,Almeria,1896.0,469.0
2023,I_05,Avila,383.0,108.0
2023,I_06,Badajoz,1548.0,633.0
2023,I_07,Illes Balears,4919.0,493.0
2023,I_08,Barcelona,17827.0,1976.0
2023,I_09,Burgos,778.0,182.0
2023,I_10,Caceres,904.0,242.0
2023,I_11,Cadiz,3471.0,1056.0
2023,I_12,Castellon,1866.0,291.0
2023,I_13,Ciudad Real,1214.0,527.0
2023,I_14,Cordoba,2004.0,1093.0
2023,I_15,A Coruna,3459.0,508.0
2023,I_16,Cuenca,453.0,156.0
2023,I_17,Girona,2681.0,211.0
2023,I_18,Granada,2346.0,813.0
2023,I_19,Guadalajara,839.0,177.0
2023,I_20,Gipuzkoa,2243.0,202.0
2023,I_21,Huelva,1354.0,488.0
2023,I_22,Huesca,675.0,109.0
2023,I_23,Jaen,1314.0,930.0
2023,I_24,Leon,1056.0,208.0
2023,I_25,Lleida,1269.0,150.0
2023,I_26,La Rioja,954.0,176.0
2023,I_27,Lugo,883.0,126.0
2023,I_28,Madrid,22440.0,5933.0
2023,I_29,Malaga,4919.0,1007.0
2023,I_30,Murcia,4198.0,1312.0
2023,I_31,Navarra,1883.0,338.0
2023,I_32,Ourense,701.0,129.0
2023,I_33,Asturias,2936.0,556.0
2023,I_34,Palencia,321.0,94.0
2023,I_35,Las Palmas,3603.0,434.0
2023,I_36,Pontevedra,2822.0,400.0
2023,I_37,Salamanca,675.0,229.0
2023,I_38,Canarias,2826.0,507.0
2023,I_39,Cantabria,1799.0,296.0
2023,I_40,Segovia,326.0,129.0
2023,I_41,Sevilla,5672.0,2085.0
2023,I_42,Soria,200.0,42.0
2023,I_43,Tarragona,2723.0,231.0
2023,I_44,Teruel,371.0,80.0
2023,I_45,Toledo,2070.0,672.0
2023,I_46,Valencia,9022.0,1317.0
2023,I_47,Valladolid,1240.0,361.0
2023,I_48,Bizkaia,3230.0,343.0
2023,I_49,Zamora,302.0,82.0
2023,I_50,Zaragoza,2702.0,684.0
2023,I_51,Ceuta,232.0,102.0
2023,I_52,Melilla,301.0,41.0
2024,I_01,Alava,1025.0,69.0
2024,I_02,Albacete,917.0,285.0
2024,I_03,Alicante,5772.0,882.0
2024,I_04,Almeria,1988.0,435.0
2024,I_05,Avila,349.0,105.0
2024,I_06,Badajoz,1522.0,544.0
2024,I_07,Illes Balears,5638.0,526.0
2024,I_08,Barcelona,18484.0,1880.0
2024,I_09,Burgos,851.0,180.0
2024,I_10,Caceres,886.0,231.0
2024,I_11,Cadiz,3526.0,954.0
2024,I_12,Castellon,2002.0,258.0
2024,I_13,Ciudad Real,1146.0,490.0
2024,I_14,Cordoba,1975.0,1004.0
2024,I_15,A Coruna,3495.0,419.0
2024,I_16,Cuenca,479.0,145.0
2024,I_17,Girona,2840.0,187.0
2024,I_18,Granada,2475.0,736.0
2024,I_19,Guadalajara,928.0,149.0
2024,I_20,Gipuzkoa,2330.0,194.0
2024,I_21,Huelva,1462.0,393.0
2024,I_22,Huesca,702.0,86.0
2024,I_23,Jaen,1258.0,857.0
2024,I_24,Leon,1017.0,176.0
2024,I_25,Lleida,1339.0,125.0
2024,I_26,La Rioja,976.0,151.0
2024,I_27,Lugo,935.0,129.0
2024,I_28,Madrid,23510.0,5880.0
2024,I_29,Malaga,5097.0,968.0
2024,I_30,Murcia,4420.0,1236.0
2024,I_31,Navarra,1892.0,349.0
2024,I_32,Ourense,774.0,104.0
2024,I_33,Asturias,3011.0,511.0
2024,I_34,Palencia,353.0,91.0
2024,I_35,Las Palmas,3827.0,450.0
2024,I_36,Pontevedra,2988.0,350.0
2024,I_37,Salamanca,664.0,199.0
2024,I_38,Canarias,2992.0,490.0
2024,I_39,Cantabria,1913.0,254.0
2024,I_40,Segovia,377.0,104.0
2024,I_41,Sevilla,5786.0,2072.0
2024,I_42,Soria,213.0,47.0
2024,I_43,Tarragona,2731.0,250.0
2024,I_44,Teruel,355.0,77.0
2024,I_45,Toledo,1960.0,596.0
2024,I_46,Valencia,8941.0,1244.0
2024,I_47,Valladolid,1418.0,333.0
2024,I_48,Bizkaia,3329.0,289.0
2024,I_49,Zamora,293.0,81.0
2024,I_50,Zaragoza,2645.0,631.0
2024,I_51,Ceuta,216.0,75.0
2024,I_52,Melilla,280.0,67.0
